Workbook

Sheet LEIA-ME
B2: SIMULADOR DE GESTAO DE AGUA DA SAFRA - UNIDADE RDM
B3: Modelo de capacidade hidrica e operacional. Filtrado so para a RDM (inclui a nova casa RM08); Karitel e demais unidades nao entram em nenhum calculo.
B5: O QUE ESTA PASTA RESPONDE
B6: - Onde e quando vai faltar agua na safra, por casa de bomba (PAINEL_GESTAO).
B7: - Quanto cada cultura, pivo, casa e trecho demanda, semana a semana.
B8: - Se a infraestrutura cabe nas 21 h/dia e onde esta o gargalo.
B9: - Quanto a chuva util cobre e quanto sobra para a irrigacao.
B11: ONDE MEXER (celulas amarelas, texto azul)
B12: - PARAMETROS_GERAIS: horas/dia, horas de captacao, eficiencia, fator de chuva util, faixas de alerta.
B13: - CADASTRO_PIVOS: area, lamina nominal, vazao de projeto e eficiencia de cada pivo.
B14: - CADASTRO_CASAS_BOMBA: vazao operacional de recalque de cada casa.
B15: - CADASTRO_TRECHOS_CANAL: capacidade dos trechos e matriz TRECHO x CASA.
... B33: Fontes: STC_RDM REV10 (casas, pivos, areas, pocos, reservacao, captacao, lamina) e rotacao bienal 26-28 v.21 (abas Rotacao + Rotacao Milho semente), FAZENDA = RDM, Irrigado.

Sheet DASHBOARD_RDM
B2: DASHBOARD RDM - planejamento hidrico da safra
B3: Todos os numeros abaixo sao formulas. Mude plantio, ETo, chuva, Kc, vazao ou horas e o painel inteiro se refaz.
B5: Area irrigada cadastrada | F5: Area irrigada ativa no pico | J5: Demanda ETc da safra | N5: Demanda ETc da safra
B6: =SUM(CADASTRO_PIVOS!$E$6:$E$41) -> 4351.08 | D6: ha | F6: =MAX(AUX_MATRIZES!$C$141:$BP$141) -> 3826.41 | H6: ha | J6: =IFERROR(SUM(PLANEJAMENTO_SEMANAL!$AG$6:$AG$2381)/SUM(CADASTRO_PIVOS!$E$6:$E$41),0) -> 1044.9769 | L6: mm | N6: =SUM(PLANEJAMENTO_SEMANAL!$AG$6:$AG$2381)*MM_PARA_M3_HA -> 45467782 | P6: m3
B9: Chuva util da safra | F9: Chuva util da safra | J9: Irrigacao liquida necessaria | N9: Irrigacao liquida necessaria
B10: =IFERROR(SUM(PLANEJAMENTO_SEMANAL!$AH$6:$AH$2381)/SUM(CADASTRO_PIVOS!$E$6:$E$41),0) -> 726.45544 | D10: mm | F10: =SUM(PLANEJAMENTO_SEMANAL!$AH$6:$AH$2381)*MM_PARA_M3_HA -> 31608657 | H10: m3 | J10: =IFERROR(SUM(PLANEJAMENTO_SEMANAL!$AI$6:$AI$2381)/SUM(CADASTRO_PIVOS!$E$6:$E$41),0) -> 490.00495 | L10: mm | N10: =SUM(PLANEJAMENTO_SEMANAL!$AI$6:$AI$2381)*MM_PARA_M3_HA -> 21320508 | P10: m3
B13: Irrigacao bruta necessaria | F13: Irrigacao bruta (VOLUME TOTAL DA SAFRA) | J13: Pico de demanda | N13: Pico de vazao requerida
B14: =IFERROR(SUM(PLANEJAMENTO_SEMANAL!$Z$6:$Z$2381)/(SUM(CADASTRO_PIVOS!$E$6:$E$41)*MM_PARA_M3_HA),0) -> 576.47642 | D14: mm | F14: =SUM(PLANEJAMENTO_SEMANAL!$Z$6:$Z$2381) -> 25082950 | H14: m3 | J14: =MAX(AUX_MATRIZES!$C$154:$BP$154) -> 170974.79 | L14: m3/dia | N14: =MAX(AUX_MATRIZES!$C$155:$BP$155) -> 8141.6568 | P14: m3/h
B17: Capacidade instalada do sistema | F17: Semana critica | J17: Data da semana critica | N17: Casa de bomba mais critica
B18: =MAX(AUX_MATRIZES!$C$156:$BP$156) -> 30413.729 | D18: m3/h | F18: =IFERROR(INDEX(CAPACIDADE_21H!$B$6:$B$71,MATCH(MAX(CAPACIDADE_21H!$E$6:$E$71),CAPACIDADE_21H!$E$6:$E$71,0)),"-") -> 36 | H18: semana | J18: =IFERROR(INDEX(CAPACIDADE_21H!$C$6:$C$71,MATCH(MAX(CAPACIDADE_21H!$E$6:$E$71),CAPACIDADE_21H!$E$6:$E$71,0)),"-") -> 46510 | L18: data | N18: =IFERROR(INDEX(AUX_MATRIZES!$B$56:$B$63,MATCH(MAX(AUX_MATRIZES!$BQ$56:$BQ$63),AUX_MATRIZES!$BQ$56:$BQ$63,0)),"-") -> RM03 | P18: casa
B21: Trecho de canal mais critico | F21: Maior utilizacao hidraulica (sistema) | J21: Maior utilizacao de uma casa de bomba | N21: Maior utilizacao de um trecho
B22: =IFERROR(INDEX(AUX_MATRIZES!$B$116:$B$123,MATCH(MAX(AUX_MATRIZES!$BQ$116:$BQ$123),AUX_MATRIZES!$BQ$116:$BQ$123,0)),"-") -> TR03 | D22: trecho | F22: =MAX(AUX_MATRIZES!$C$157:$BP$157) -> 0.26769677 | H22: % | J22: =MAX(AUX_MATRIZES!$BQ$56:$BQ$63) -> 0.35292952 | L22: % | N22: =MAX(AUX_MATRIZES!$BQ$116:$BQ$123) -> 0.35292952 | P22: %
B25: Maior utilizacao de um pivo | F25: Semanas inviaveis em 21 h/dia | J25: Horas totais de irrigacao na safra | N25: Casas de bomba com captacao insuficiente
B26: =MAX(AUX_MATRIZES!$C$148:$BP$148) -> 0.55746606 | D26: % | F26: =COUNTIF(CAPACIDADE_21H!$G$6:$G$71,">"&LIMITE_CRITICO) -> 0 | H26: semanas | J26: =SUM(PLANEJAMENTO_SEMANAL!$AB$6:$AB$2381) -> 29176.857 | L26: h | N26: =PAINEL_GESTAO!$F$16 -> 3 | P26: de 8
B29: Volume total faltante na safra
B30: =PAINEL_GESTAO!$F$18 -> 2913026.7 | D30: m3
B33: RESPOSTA DO MODELO
B34: ="GESTAO DE AGUA - "&IF(PAINEL_GESTAO!$F$16=0,"a captacao atende o consumo nas 8 casas o ano todo.","a captacao NAO acompanha o consumo em "&PAINEL_GESTAO!$F$16&" casa(s). A mais critica e "&PAINEL_GESTAO!$F$19&", com "&TEXT(PAINEL_GESTAO!$F$18,"#,##0")&" m3 faltantes na safra. Detalhe em PAINEL_GESTAO.")&" | PIVOS EM 21 h/dia - cabem com folga: utilizacao maxima de "&TEXT(MAX(PLANEJAMENTO_SEMANAL!$AD$6:$AD$2381),"0.0%")&". O gargalo da RDM esta na captacao/reservatorio, nao nas horas de pivo." -> GESTAO DE AGUA - a captacao NAO acompanha o consumo em 3 casa(s). A mais critica e RM07, com 2,913,027 m3 faltantes na safra. Detalhe em PAINEL_GESTAO. | PIVOS EM 21 h/dia - cabem com folga: utilizacao maxima de 55.7%. O gargalo da RDM esta na captacao/reservatorio, nao nas horas de pivo.
B37: ATENCAO: enquanto ETo, chuva util, eficiencia, vazao operacional das casas e capacidade dos trechos forem DADO PENDENTE (ver PENDENCIAS_CADASTRO), os numeros sao ordem de grandeza, nao compromisso.

Sheet PAINEL_GESTAO
B2: PAINEL DE GESTAO DE AGUA - onde e quando vai faltar
B3: Diagnostico por casa de bomba, a partir do balanco diario. Em quais casas e dias a captacao nao acompanha o consumo, quanto falta e o que fazer.
B5: Casa de bomba | C5: Captacao (m3/dia) | D5: Consumo de pico (m3/dia) | E5: Dias com falta de agua | F5: Primeiro dia de falta | G5: Ultimo dia de falta | H5: Volume total faltante (m3) | I5: Maior falta em um dia (m3) | J5: Horas extras de captacao no pico (h/dia) | K5: Vazao adicional necessaria (m3/h) | L5: Situacao | M5: Recomendacao
B6: =CADASTRO_CASAS_BOMBA!$B$6 -> RM01 | C6: =CADASTRO_CASAS_BOMBA!$I$6*HORAS_CAPTACAO_DIA -> 10499.4 | D6: =MAX(BALANCO_DIARIO!$D$7:$D$468) -> 5163.0099 | E6: =COUNTIF(BALANCO_DIARIO!$F$7:$F$468,">0") -> 0 | F6: =IFERROR(INDEX(BALANCO_DIARIO!$B$7:$B$468,MATCH(1,INDEX(--(BALANCO_DIARIO!$F$7:$F$468>0),0),0)),"-") -> - | G6: =IFERROR(LOOKUP(2,1/(BALANCO_DIARIO!$F$7:$F$468>0),BALANCO_DIARIO!$B$7:$B$468),"-") -> - | H6: =SUM(BALANCO_DIARIO!$F$7:$F$468) -> 0 | I6: =MAX(BALANCO_DIARIO!$F$7:$F$468) -> 0 | J6: =IFERROR($I6/CADASTRO_CASAS_BOMBA!$I$6,0) -> 0 | K6: =IFERROR($I6/HORAS_CAPTACAO_DIA,0) -> 0 | L6: =IF($E6=0,"OK - captacao cobre o consumo",IF($E6<=7,"ATENCAO - falta pontual","CRITICO - falta recorrente")) -> OK - captacao cobre o consumo | M6: =IF($E6=0,"Sem acao: a captacao atende o consumo o ano todo.","Falta em "&$E6&" dia(s), pico de "&TEXT($I6,"#,##0")&" m3/dia (~"&TEXT($J6,"0.0")&" h extras de captacao ou +"&TEXT($K6,"#,##0")&" m3/h). Alternativas: escalonar plantio, reduzir simultaneidade, ampliar captacao ou priorizar os pivos criticos.") -> Sem acao: a captacao atende o consumo o ano todo.
B7: =CADASTRO_CASAS_BOMBA!$B$7 -> RM02 | C7: =CADASTRO_CASAS_BOMBA!$I$7*HORAS_CAPTACAO_DIA -> 10499.4 | D7: =MAX(BALANCO_DIARIO!$G$7:$G$468) -> 9867.6497 | E7: =COUNTIF(BALANCO_DIARIO!$I$7:$I$468,">0") -> 0 | F7: =IFERROR(INDEX(BALANCO_DIARIO!$B$7:$B$468,MATCH(1,INDEX(--(BALANCO_DIARIO!$I$7:$I$468>0),0),0)),"-") -> - | G7: =IFERROR(LOOKUP(2,1/(BALANCO_DIARIO!$I$7:$I$468>0),BALANCO_DIARIO!$B$7:$B$468),"-") -> - | H7: =SUM(BALANCO_DIARIO!$I$7:$I$468) -> 0 | I7: =MAX(BALANCO_DIARIO!$I$7:$I$468) -> 0 | J7: =IFERROR($I7/CADASTRO_CASAS_BOMBA!$I$7,0) -> 0 | K7: =IFERROR($I7/HORAS_CAPTACAO_DIA,0) -> 0 | L7: =IF($E7=0,"OK - captacao cobre o consumo",IF($E7<=7,"ATENCAO - falta pontual","CRITICO - falta recorrente")) -> OK - captacao cobre o consumo | M7: =IF($E7=0,"Sem acao: a captacao atende o consumo o ano todo.","Falta em "&$E7&" dia(s), pico de "&TEXT($I7,"#,##0")&" m3/dia (~"&TEXT($J7,"0.0")&" h extras de captacao ou +"&TEXT($K7,"#,##0")&" m3/h). Alternativas: escalonar plantio, reduzir simultaneidade, ampliar captacao ou priorizar os pivos criticos.") -> Sem acao: a captacao atende o consumo o ano todo.
B8: =CADASTRO_CASAS_BOMBA!$B$8 -> RM03 | C8: =CADASTRO_CASAS_BOMBA!$I$8*HORAS_CAPTACAO_DIA -> 10499.4 | D8: =MAX(BALANCO_DIARIO!$J$7:$J$468) -> 10470.36 | E8: =COUNTIF(BALANCO_DIARIO!$L$7:$L$468,">0") -> 0 | F8: =IFERROR(INDEX(BALANCO_DIARIO!$B$7:$B$468,MATCH(1,INDEX(--(BALANCO_DIARIO!$L$7:$L$468>0),0),0)),"-") -> - | G8: =IFERROR(LOOKUP(2,1/(BALANCO_DIARIO!$L$7:$L$468>0),BALANCO_DIARIO!$B$7:$B$468),"-") -> - | H8: =SUM(BALANCO_DIARIO!$L$7:$L$468) -> 0 | I8: =MAX(BALANCO_DIARIO!$L$7:$L$468) -> 0 | J8: =IFERROR($I8/CADASTRO_CASAS_BOMBA!$I$8,0) -> 0 | K8: =IFERROR($I8/HORAS_CAPTACAO_DIA,0) -> 0 | L8: =IF($E8=0,"OK - captacao cobre o consumo",IF($E8<=7,"ATENCAO - falta pontual","CRITICO - falta recorrente")) -> OK - captacao cobre o consumo | M8: =IF($E8=0,"Sem acao: a captacao atende o consumo o ano todo.","Falta em "&$E8&" dia(s), pico de "&TEXT($I8,"#,##0")&" m3/dia (~"&TEXT($J8,"0.0")&" h extras de captacao ou +"&TEXT($K8,"#,##0")&" m3/h). Alternativas: escalonar plantio, reduzir simultaneidade, ampliar captacao ou priorizar os pivos criticos.") -> Sem acao: a captacao atende o consumo o ano todo.
B9: =CADASTRO_CASAS_BOMBA!$B$9 -> RM04 | C9: =CADASTRO_CASAS_BOMBA!$I$9*HORAS_CAPTACAO_DIA -> 21630.6 | D9: =MAX(BALANCO_DIARIO!$M$7:$M$468) -> 26385.252 | E9: =COUNTIF(BALANCO_DIARIO!$O$7:$O$468,">0") -> 0 | F9: =IFERROR(INDEX(BALANCO_DIARIO!$B$7:$B$468,MATCH(1,INDEX(--(BALANCO_DIARIO!$O$7:$O$468>0),0),0)),"-") -> - | G9: =IFERROR(LOOKUP(2,1/(BALANCO_DIARIO!$O$7:$O$468>0),BALANCO_DIARIO!$B$7:$B$468),"-") -> - | H9: =SUM(BALANCO_DIARIO!$O$7:$O$468) -> 0 | I9: =MAX(BALANCO_DIARIO!$O$7:$O$468) -> 0 | J9: =IFERROR($I9/CADASTRO_CASAS_BOMBA!$I$9,0) -> 0 | K9: =IFERROR($I9/HORAS_CAPTACAO_DIA,0) -> 0 | L9: =IF($E9=0,"OK - captacao cobre o consumo",IF($E9<=7,"ATENCAO - falta pontual","CRITICO - falta recorrente")) -> OK - captacao cobre o consumo | M9: =IF($E9=0,"Sem acao: a captacao atende o consumo o ano todo.","Falta em "&$E9&" dia(s), pico de "&TEXT($I9,"#,##0")&" m3/dia (~"&TEXT($J9,"0.0")&" h extras de captacao ou +"&TEXT($K9,"#,##0")&" m3/h). Alternativas: escalonar plantio, reduzir simultaneidade, ampliar captacao ou priorizar os pivos criticos.") -> Sem acao: a captacao atende o consumo o ano todo.
B10: =CADASTRO_CASAS_BOMBA!$B$10 -> RM05 | C10: =CADASTRO_CASAS_BOMBA!$I$10*HORAS_CAPTACAO_DIA -> 13082.4 | D10: =MAX(BALANCO_DIARIO!$P$7:$P$468) -> 34521.125 | E10: =COUNTIF(BALANCO_DIARIO!$R$7:$R$468,">0") -> 32 | F10: =IFERROR(INDEX(BALANCO_DIARIO!$B$7:$B$468,MATCH(1,INDEX(--(BALANCO_DIARIO!$R$7:$R$468>0),0),0)),"-") -> 46639 | G10: =IFERROR(LOOKUP(2,1/(BALANCO_DIARIO!$R$7:$R$468>0),BALANCO_DIARIO!$B$7:$B$468),"-") -> 46670 | H10: =SUM(BALANCO_DIARIO!$R$7:$R$468) -> 455366.72 | I10: =MAX(BALANCO_DIARIO!$R$7:$R$468) -> 21438.725 | J10: =IFERROR($I10/CADASTRO_CASAS_BOMBA!$I$10,0) -> 29.49742 | K10: =IFERROR($I10/HORAS_CAPTACAO_DIA,0) -> 1191.0403 | L10: =IF($E10=0,"OK - captacao cobre o consumo",IF($E10<=7,"ATENCAO - falta pontual","CRITICO - falta recorrente")) -> CRITICO - falta recorrente | M10: =IF($E10=0,"Sem acao: a captacao atende o consumo o ano todo.","Falta em "&$E10&" dia(s), pico de "&TEXT($I10,"#,##0")&" m3/dia (~"&TEXT($J10,"0.0")&" h extras de captacao ou +"&TEXT($K10,"#,##0")&" m3/h). Alternativas: escalonar plantio, reduzir simultaneidade, ampliar captacao ou priorizar os pivos criticos.") -> Falta em 32 dia(s), pico de 21,439 m3/dia (~29.5 h extras de captacao ou +1,191 m3/h). Alternativas: escalonar plantio, reduzir simultaneidade, ampliar captacao ou priorizar os pivos criticos.
B11: =CADASTRO_CASAS_BOMBA!$B$11 -> RM06 | C11: =CADASTRO_CASAS_BOMBA!$I$11*HORAS_CAPTACAO_DIA -> 21420 | D11: =MAX(BALANCO_DIARIO!$S$7:$S$468) -> 39230.524 | E11: =COUNTIF(BALANCO_DIARIO!$U$7:$U$468,">0") -> 68 | F11: =IFERROR(INDEX(BALANCO_DIARIO!$B$7:$B$468,MATCH(1,INDEX(--(BALANCO_DIARIO!$U$7:$U$468>0),0),0)),"-") -> 46516 | G11: =IFERROR(LOOKUP(2,1/(BALANCO_DIARIO!$U$7:$U$468>0),BALANCO_DIARIO!$B$7:$B$468),"-") -> 46663 | H11: =SUM(BALANCO_DIARIO!$U$7:$U$468) -> 626266.6 | I11: =MAX(BALANCO_DIARIO!$U$7:$U$468) -> 17054.301 | J11: =IFERROR($I11/CADASTRO_CASAS_BOMBA!$I$11,0) -> 14.331345 | K11: =IFERROR($I11/HORAS_CAPTACAO_DIA,0) -> 947.46116 | L11: =IF($E11=0,"OK - captacao cobre o consumo",IF($E11<=7,"ATENCAO - falta pontual","CRITICO - falta recorrente")) -> CRITICO - falta recorrente | M11: =IF($E11=0,"Sem acao: a captacao atende o consumo o ano todo.","Falta em "&$E11&" dia(s), pico de "&TEXT($I11,"#,##0")&" m3/dia (~"&TEXT($J11,"0.0")&" h extras de captacao ou +"&TEXT($K11,"#,##0")&" m3/h). Alternativas: escalonar plantio, reduzir simultaneidade, ampliar captacao ou priorizar os pivos criticos.") -> Falta em 68 dia(s), pico de 17,054 m3/dia (~14.3 h extras de captacao ou +947 m3/h). Alternativas: escalonar plantio, reduzir simultaneidade, ampliar captacao ou priorizar os pivos criticos.
B12: =CADASTRO_CASAS_BOMBA!$B$12 -> RM07 | C12: =CADASTRO_CASAS_BOMBA!$I$12*HORAS_CAPTACAO_DIA -> 25380 | D12: =MAX(BALANCO_DIARIO!$V$7:$V$468) -> 58274.495 | E12: =COUNTIF(BALANCO_DIARIO!$X$7:$X$468,">0") -> 113 | F12: =IFERROR(INDEX(BALANCO_DIARIO!$B$7:$B$468,MATCH(1,INDEX(--(BALANCO_DIARIO!$X$7:$X$468>0),0),0)),"-") -> 46511 | G12: =IFERROR(LOOKUP(2,1/(BALANCO_DIARIO!$X$7:$X$468>0),BALANCO_DIARIO!$B$7:$B$468),"-") -> 46656 | H12: =SUM(BALANCO_DIARIO!$X$7:$X$468) -> 1831393.4 | I12: =MAX(BALANCO_DIARIO!$X$7:$X$468) -> 32894.495 | J12: =IFERROR($I12/CADASTRO_CASAS_BOMBA!$I$12,0) -> 23.329429 | K12: =IFERROR($I12/HORAS_CAPTACAO_DIA,0) -> 1827.472 | L12: =IF($E12=0,"OK - captacao cobre o consumo",IF($E12<=7,"ATENCAO - falta pontual","CRITICO - falta recorrente")) -> CRITICO - falta recorrente | M12: =IF($E12=0,"Sem acao: a captacao atende o consumo o ano todo.","Falta em "&$E12&" dia(s), pico de "&TEXT($I12,"#,##0")&" m3/dia (~"&TEXT($J12,"0.0")&" h extras de captacao ou +"&TEXT($K12,"#,##0")&" m3/h). Alternativas: escalonar plantio, reduzir simultaneidade, ampliar captacao ou priorizar os pivos criticos.") -> Falta em 113 dia(s), pico de 32,894 m3/dia (~23.3 h extras de captacao ou +1,827 m3/h). Alternativas: escalonar plantio, reduzir simultaneidade, ampliar captacao ou priorizar os pivos criticos.
B13: =CADASTRO_CASAS_BOMBA!$B$13 -> RM08 | C13: =CADASTRO_CASAS_BOMBA!$I$13*HORAS_CAPTACAO_DIA -> 0 | D13: =MAX(BALANCO_DIARIO!$Y$7:$Y$468) -> 0 | E13: =COUNTIF(BALANCO_DIARIO!$AA$7:$AA$468,">0") -> 0 | F13: =IFERROR(INDEX(BALANCO_DIARIO!$B$7:$B$468,MATCH(1,INDEX(--(BALANCO_DIARIO!$AA$7:$AA$468>0),0),0)),"-") -> - | G13: =IFERROR(LOOKUP(2,1/(BALANCO_DIARIO!$AA$7:$AA$468>0),BALANCO_DIARIO!$B$7:$B$468),"-") -> - | H13: =SUM(BALANCO_DIARIO!$AA$7:$AA$468) -> 0 | I13: =MAX(BALANCO_DIARIO!$AA$7:$AA$468) -> 0 | J13: =IFERROR($I13/CADASTRO_CASAS_BOMBA!$I$13,0) -> 0 | K13: =IFERROR($I13/HORAS_CAPTACAO_DIA,0) -> 0 | L13: =IF($E13=0,"OK - captacao cobre o consumo",IF($E13<=7,"ATENCAO - falta pontual","CRITICO - falta recorrente")) -> OK - captacao cobre o consumo | M13: =IF($E13=0,"Sem acao: a captacao atende o consumo o ano todo.","Falta em "&$E13&" dia(s), pico de "&TEXT($I13,"#,##0")&" m3/dia (~"&TEXT($J13,"0.0")&" h extras de captacao ou +"&TEXT($K13,"#,##0")&" m3/h). Alternativas: escalonar plantio, reduzir simultaneidade, ampliar captacao ou priorizar os pivos criticos.") -> Sem acao: a captacao atende o consumo o ano todo.
B15: RESUMO DA RDM
B16: Casas com falta de agua | F16: =COUNTIF($E$6:$E$13,">0") -> 3
B17: Total de dias-casa com falta | F17: =SUM($E$6:$E$13) -> 213
B18: Volume total faltante na safra (m3) | F18: =SUM($H$6:$H$13) -> 2913026.7
B19: Casa mais critica | F19: =IFERROR(INDEX($B$6:$B$13,MATCH(MAX($E$6:$E$13),$E$6:$E$13,0)),"-") -> RM07
B21: Como usar: se uma casa aparece CRITICO, teste mover a data de plantio dos pivos dela (ROTACAO_RDM) para afastar o pico, ou ajuste as horas de captacao (PARAMETROS_GERAIS). Tudo se refaz na hora.

Sheet CAPACIDADE_21H
B2: CAPACIDADE_21H - a infraestrutura cabe em 21 horas por dia?
B3: Uma linha por semana. Demanda x capacidade em HORAS_OPERACAO_DIA x DIAS_POR_SEMANA, nos quatro niveis: pivo, casa de bomba, trecho de canal e sistema RDM.
B5: Semana | C5: Data inicial | D5: Data final | E5: Volume necessario (m3) | F5: Capacidade maxima da semana (m3) | G5: Utilizacao do sistema (%) | H5: Deficit de volume (m3) | I5: Deficit de vazao (m3/h) | J5: Deficit de horas (h) | K5: Horas adicionais necessarias (h) | L5: Vazao adicional necessaria (m3/h) | M5: Status do sistema | N5: Utilizacao max. de pivo (%) | O5: Pivo mais critico | P5: Status do pivo | Q5: Utilizacao da casa mais critica (%) | R5: Casa mais critica | S5: Status da casa | T5: Utilizacao do trecho mais critico (%) | U5: Trecho mais critico | V5: Status do trecho | W5: Chave de ordenacao
B6: =SEMANAS!$B$6 -> 1 | C6: =SEMANAS!$C$6 -> 46265 | D6: =SEMANAS!$D$6 -> 46271 | E6: =AUX_MATRIZES!C140 -> 486377.64 | F6: =AUX_MATRIZES!C156*SEMANAS!$K$6 -> 4470818.1 | G6: =IFERROR($E6/$F6,0) -> 0.1087894 | H6: =MAX(0,$E6-$F6) -> 0 | I6: =AUX_MATRIZES!C158 -> 0 | J6: =AUX_MATRIZES!C160 -> 0 | K6: =IFERROR(MAX(0,$E6/AUX_MATRIZES!C156-SEMANAS!$K$6),0) -> 0 | L6: =IFERROR(MAX(0,$E6/SEMANAS!$K$6-AUX_MATRIZES!C156),0) -> 0 | M6: =IF($G6>LIMITE_CRITICO,"INVIAVEL - demanda excede a capacidade em 21 h/dia",IF($G6>LIMITE_ATENCAO,"CRITICO - utilizacao acima de "&TEXT(LIMITE_ATENCAO,"0%"),IF($G6>LIMITE_CONFORTAVEL,"ATENCAO - utilizacao acima de "&TEXT(LIMITE_CONFORTAVEL,"0%"),"OK - capacidade suficiente"))) -> OK - capacidade suficiente | N6: =AUX_MATRIZES!C148 -> 0.46019048 | O6: =AUX_MATRIZES!C149 -> PV 131 | P6: =IF($N6>LIMITE_CRITICO,"INVIAVEL - demanda excede a capacidade em 21 h/dia",IF($N6>LIMITE_ATENCAO,"CRITICO - utilizacao acima de "&TEXT(LIMITE_ATENCAO,"0%"),IF($N6>LIMITE_CONFORTAVEL,"ATENCAO - utilizacao acima de "&TEXT(LIMITE_CONFORTAVEL,"0%"),"OK - capacidade suficiente"))) -> OK - capacidade suficiente | Q6: =AUX_MATRIZES!C150 -> 0.14789097 | R6: =AUX_MATRIZES!C151 -> RM06 | S6: =IF($Q6>LIMITE_CRITICO,"INVIAVEL - demanda excede a capacidade em 21 h/dia",IF($Q6>LIMITE_ATENCAO,"CRITICO - utilizacao acima de "&TEXT(LIMITE_ATENCAO,"0%"),IF($Q6>LIMITE_CONFORTAVEL,"ATENCAO - utilizacao acima de "&TEXT(LIMITE_CONFORTAVEL,"0%"),"OK - capacidade suficiente"))) -> OK - capacidade suficiente | T6: =AUX_MATRIZES!C152 -> 0.14789097 | U6: =AUX_MATRIZES!C153 -> TR06 | V6: =IF($T6>LIMITE_CRITICO,"INVIAVEL - demanda excede a capacidade em 21 h/dia",IF($T6>LIMITE_ATENCAO,"CRITICO - utilizacao acima de "&TEXT(LIMITE_ATENCAO,"0%"),IF($T6>LIMITE_CONFORTAVEL,"ATENCAO - utilizacao acima de "&TEXT(LIMITE_CONFORTAVEL,"0%"),"OK - capacidade suficiente"))) -> OK - capacidade suficiente | W6: =AUX_MATRIZES!C161 -> 486377.64
B7: =SEMANAS!$B$7 -> 2 | C7: =SEMANAS!$C$7 -> 46272 | D7: =SEMANAS!$D$7 -> 46278 | E7: =AUX_MATRIZES!D140 -> 404088.51 | F7: =AUX_MATRIZES!D156*SEMANAS!$K$7 -> 4470818.1 | G7: =IFERROR($E7/$F7,0) -> 0.090383572 | H7: =MAX(0,$E7-$F7) -> 0 | I7: =AUX_MATRIZES!D158 -> 0 | J7: =AUX_MATRIZES!D160 -> 0 | K7: =IFERROR(MAX(0,$E7/AUX_MATRIZES!D156-SEMANAS!$K$7),0) -> 0 | L7: =IFERROR(MAX(0,$E7/SEMANAS!$K$7-AUX_MATRIZES!D156),0) -> 0 | M7: =IF($G7>LIMITE_CRITICO,"INVIAVEL - demanda excede a capacidade em 21 h/dia",IF($G7>LIMITE_ATENCAO,"CRITICO - utilizacao acima de "&TEXT(LIMITE_ATENCAO,"0%"),IF($G7>LIMITE_CONFORTAVEL,"ATENCAO - utilizacao acima de "&TEXT(LIMITE_CONFORTAVEL,"0%"),"OK - capacidade suficiente"))) -> OK - capacidade suficiente | N7: =AUX_MATRIZES!D148 -> 0.46039216 | O7: =AUX_MATRIZES!D149 -> PV 102 | P7: =IF($N7>LIMITE_CRITICO,"INVIAVEL - demanda excede a capacidade em 21 h/dia",IF($N7>LIMITE_ATENCAO,"CRITICO - utilizacao acima de "&TEXT(LIMITE_ATENCAO,"0%"),IF($N7>LIMITE_CONFORTAVEL,"ATENCAO - utilizacao acima de "&TEXT(LIMITE_CONFORTAVEL,"0%"),"OK - capacidade suficiente"))) -> OK - capacidade suficiente | Q7: =AUX_MATRIZES!D150 -> 0.12611709 | R7: =AUX_MATRIZES!D151 -> RM05 | S7: =IF($Q7>LIMITE_CRITICO,"INVIAVEL - demanda excede a capacidade em 21 h/dia",IF($Q7>LIMITE_ATENCAO,"CRITICO - utilizacao acima de "&TEXT(LIMITE_ATENCAO,"0%"),IF($Q7>LIMITE_CONFORTAVEL,"ATENCAO - utilizacao acima de "&TEXT(LIMITE_CONFORTAVEL,"0%"),"OK - capacidade suficiente"))) -> OK - capacidade suficiente | T7: =AUX_MATRIZES!D152 -> 0.12611709 | U7: =AUX_MATRIZES!D153 -> TR05 | V7: =IF($T7>LIMITE_CRITICO,"INVIAVEL - demanda excede a capacidade em 21 h/dia",IF($T7>LIMITE_ATENCAO,"CRITICO - utilizacao acima de "&TEXT(LIMITE_ATENCAO,"0%"),IF($T7>LIMITE_CONFORTAVEL,"ATENCAO - utilizacao acima de "&TEXT(LIMITE_CONFORTAVEL,"0%"),"OK - capacidade suficiente"))) -> OK - capacidade suficiente | W7: =AUX_MATRIZES!D161 -> 404088.51
B8: =SEMANAS!$B$8 -> 3 | C8: =SEMANAS!$C$8 -> 46279 | D8: =SEMANAS!$D$8 -> 46285 | E8: =AUX_MATRIZES!E140 -> 318745.84 | F8: =AUX_MATRIZES!E156*SEMANAS!$K$8 -> 4470818.1 | G8: =IFERROR($E8/$F8,0) -> 0.071294745 | H8: =MAX(0,$E8-$F8) -> 0 | I8: =AUX_MATRIZES!E158 -> 0 | J8: =AUX_MATRIZES!E160 -> 0 | K8: =IFERROR(MAX(0,$E8/AUX_MATRIZES!E156-SEMANAS!$K$8),0) -> 0 | L8: =IFERROR(MAX(0,$E8/SEMANAS!$K$8-AUX_MATRIZES!E156),0) -> 0 | M8: =IF($G8>LIMITE_CRITICO,"INVIAVEL - demanda excede a capacidade em 21 h/dia",IF($G8>LIMITE_ATENCAO,"CRITICO - utilizacao acima de "&TEXT(LIMITE_ATENCAO,"0%"),IF($G8>LIMITE_CONFORTAVEL,"ATENCAO - utilizacao acima de "&TEXT(LIMITE_CONFORTAVEL,"0%"),"OK - capacidade suficiente"))) -> OK - capacidade suficiente | N8: =AUX_MATRIZES!E148 -> 0.46039216 | O8: =AUX_MATRIZES!E149 -> PV 102 | P8: =IF($N8>LIMITE_CRITICO,"INVIAVEL - demanda excede a capacidade em 21 h/dia",IF($N8>LIMITE_ATENCAO,"CRITICO - utilizacao acima de "&TEXT(LIMITE_ATENCAO,"0%"),IF($N8>LIMITE_CONFORTAVEL,"ATENCAO - utilizacao acima de "&TEXT(LIMITE_CONFORTAVEL,"0%"),"OK - capacidade suficiente"))) -> OK - capacidade suficiente | Q8: =AUX_MATRIZES!E150 -> 0.12611709 | R8: =AUX_MATRIZES!E151 -> RM05 | S8: =IF($Q8>LIMITE_CRITICO,"INVIAVEL - demanda excede a capacidade em 21 h/dia",IF($Q8>LIMITE_ATENCAO,"CRITICO - utilizacao acima de "&TEXT(LIMITE_ATENCAO,"0%"),IF($Q8>LIMITE_CONFORTAVEL,"ATENCAO - utilizacao acima de "&TEXT(LIMITE_CONFORTAVEL,"0%"),"OK - capacidade suficiente"))) -> OK - capacidade suficiente | T8: =AUX_MATRIZES!E152 -> 0.12611709 | U8: =AUX_MATRIZES!E153 -> TR05 | V8: =IF($T8>LIMITE_CRITICO,"INVIAVEL - demanda excede a capacidade em 21 h/dia",IF($T8>LIMITE_ATENCAO,"CRITICO - utilizacao acima de "&TEXT(LIMITE_ATENCAO,"0%"),IF($T8>LIMITE_CONFORTAVEL,"ATENCAO - utilizacao acima de "&TEXT(LIMITE_CONFORTAVEL,"0%"),"OK - capacidade suficiente"))) -> OK - capacidade suficiente | W8: =AUX_MATRIZES!E161 -> 318745.84
B9: =SEMANAS!$B$9 -> 4 | C9: =SEMANAS!$C$9 -> 46286 | D9: =SEMANAS!$D$9 -> 46292 | E9: =AUX_MATRIZES!F140 -> 270863.02 | F9: =AUX_MATRIZES!F156*SEMANAS!$K$9 -> 4470818.1 | G9: =IFERROR($E9/$F9,0) -> 0.060584666 | H9: =MAX(0,$E9-$F9) -> 0 | I9: =AUX_MATRIZES!F158 -> 0 | J9: =AUX_MATRIZES!F160 -> 0 | K9: =IFERROR(MAX(0,$E9/AUX_MATRIZES!F156-SEMANAS!$K$9),0) -> 0 | L9: =IFERROR(MAX(0,$E9/SEMANAS!$K$9-AUX_MATRIZES!F156),0) -> 0 | M9: =IF($G9>LIMITE_CRITICO,"INVIAVEL - demanda excede a capacidade em 21 h/dia",IF($G9>LIMITE_ATENCAO,"CRITICO - utilizacao acima de "&TEXT(LIMITE_ATENCAO,"0%"),IF($G9>LIMITE_CONFORTAVEL,"ATENCAO - utilizacao acima de "&TEXT(LIMITE_CONFORTAVEL,"0%"),"OK - capacidade suficiente"))) -> OK - capacidade suficiente | N9: =AUX_MATRIZES!F148 -> 0.46039216 | O9: =AUX_MATRIZES!F149 -> PV 102 | P9: =IF($N9>LIMITE_CRITICO,"INVIAVEL - demanda excede a capacidade em 21 h/dia",IF($N9>LIMITE_ATENCAO,"CRITICO - utilizacao acima de "&TEXT(LIMITE_ATENCAO,"0%"),IF($N9>LIMITE_CONFORTAVEL,"ATENCAO - utilizacao acima de "&TEXT(LIMITE_CONFORTAVEL,"0%"),"OK - capacidade suficiente"))) -> OK - capacidade suficiente | Q9: =AUX_MATRIZES!F150 -> 0.12611709 | R9: =AUX_MATRIZES!F151 -> RM05 | S9: =IF($Q9>LIMITE_CRITICO,"INVIAVEL - demanda excede a capacidade em 21 h/dia",IF($Q9>LIMITE_ATENCAO,"CRITICO - utilizacao acima de "&TEXT(LIMITE_ATENCAO,"0%"),IF($Q9>LIMITE_CONFORTAVEL,"ATENCAO - utilizacao acima de "&TEXT(LIMITE_CONFORTAVEL,"0%"),"OK - capacidade suficiente"))) -> OK - capacidade suficiente | T9: =AUX_MATRIZES!F152 -> 0.12611709 | U9: =AUX_MATRIZES!F153 -> TR05 | V9: =IF($T9>LIMITE_CRITICO,"INVIAVEL - demanda excede a capacidade em 21 h/dia",IF($T9>LIMITE_ATENCAO,"CRITICO - utilizacao acima de "&TEXT(LIMITE_ATENCAO,"0%"),IF($T9>LIMITE_CONFORTAVEL,"ATENCAO - utilizacao acima de "&TEXT(LIMITE_CONFORTAVEL,"0%"),"OK - capacidade suficiente"))) -> OK - capacidade suficiente | W9: =AUX_MATRIZES!F161 -> 270863.02
B10: =SEMANAS!$B$10 -> 5 | C10: =SEMANAS!$C$10 -> 46293 | D10: =SEMANAS!$D$10 -> 46299 | E10: =AUX_MATRIZES!G140 -> 186962.27 | F10: =AUX_MATRIZES!G156*SEMANAS!$K$10 -> 4470818.1 | G10: =IFERROR($E10/$F10,0) -> 0.041818357 | H10: =MAX(0,$E10-$F10) -> 0 | I10: =AUX_MATRIZES!G158 -> 0 | J10: =AUX_MATRIZES!G160 -> 0 | K10: =IFERROR(MAX(0,$E10/AUX_MATRIZES!G156-SEMANAS!$K$10),0) -> 0 | L10: =IFERROR(MAX(0,$E10/SEMANAS!$K$10-AUX_MATRIZES!G156),0) -> 0 | M10: =IF($G10>LIMITE_CRITICO,"INVIAVEL - demanda excede a capacidade em 21 h/dia",IF($G10>LIMITE_ATENCAO,"CRITICO - utilizacao acima de "&TEXT(LIMITE_ATENCAO,"0%"),IF($G10>LIMITE_CONFORTAVEL,"ATENCAO - utilizacao acima de "&TEXT(LIMITE_CONFORTAVEL,"0%"),"OK - capacidade suficiente"))) -> OK - capacidade suficiente | N10: =AUX_MATRIZES!G148 -> 0.34718207 | O10: =AUX_MATRIZES!G149 -> PV 102 | P10: =IF($N10>LIMITE_CRITICO,"INVIAVEL - demanda excede a capacidade em 21 h/dia",IF($N10>LIMITE_ATENCAO,"CRITICO - utilizacao acima de "&TEXT(LIMITE_ATENCAO,"0%"),IF($N10>LIMITE_CONFORTAVEL,"ATENCAO - utilizacao acima de "&TEXT(LIMITE_CONFORTAVEL,"0%"),"OK - capacidade suficiente"))) -> OK - capacidade suficiente | Q10: =AUX_MATRIZES!G150 -> 0.095104995 | R10: =AUX_MATRIZES!G151 -> RM05 | S10: =IF($Q10>LIMITE_CRITICO,"INVIAVEL - demanda excede a capacidade em 21 h/dia",IF($Q10>LIMITE_ATENCAO,"CRITICO - utilizacao acima de "&TEXT(LIMITE_ATENCAO,"0%"),IF($Q10>LIMITE_CONFORTAVEL,"ATENCAO - utilizacao acima de "&TEXT(LIMITE_CONFORTAVEL,"0%"),"OK - capacidade suficiente"))) -> OK - capacidade suficiente | T10: =AUX_MATRIZES!G152 -> 0.095104995 | U10: =AUX_MATRIZES!G153 -> TR05 | V10: =IF($T10>LIMITE_CRITICO,"INVIAVEL - demanda excede a capacidade em 21 h/dia",IF($T10>LIMITE_ATENCAO,"CRITICO - utilizacao acima de "&TEXT(LIMITE_ATENCAO,"0%"),IF($T10>LIMITE_CONFORTAVEL,"ATENCAO - utilizacao acima de "&TEXT(LIMITE_CONFORTAVEL,"0%"),"OK - capacidade suficiente"))) -> OK - capacidade suficiente | W10: =AUX_MATRIZES!G161 -> 186962.27
B11: =SEMANAS!$B$11 -> 6 | C11: =SEMANAS!$C$11 -> 46300 | D11: =SEMANAS!$D$11 -> 46306 | E11: =AUX_MATRIZES!H140 -> 105840.3 | F11: =AUX_MATRIZES!H156*SEMANAS!$K$11 -> 4470818.1 | G11: =IFERROR($E11/$F11,0) -> 0.023673588 | H11: =MAX(0,$E11-$F11) -> 0 | I11: =AUX_MATRIZES!H158 -> 0 | J11: =AUX_MATRIZES!H160 -> 0 | K11: =IFERROR(MAX(0,$E11/AUX_MATRIZES!H156-SEMANAS!$K$11),0) -> 0 | L11: =IFERROR(MAX(0,$E11/SEMANAS!$K$11-AUX_MATRIZES!H156),0) -> 0 | M11: =IF($G11>LIMITE_CRITICO,"INVIAVEL - demanda excede a capacidade em 21 h/dia",IF($G11>LIMITE_ATENCAO,"CRITICO - utilizacao acima de "&TEXT(LIMITE_ATENCAO,"0%"),IF($G11>LIMITE_CONFORTAVEL,"ATENCAO - utilizacao acima de "&TEXT(LIMITE_CONFORTAVEL,"0%"),"OK - capacidade suficiente"))) -> OK - capacidade suficiente | N11: =AUX_MATRIZES!H148 -> 0.26227451 | O11: =AUX_MATRIZES!H149 -> PV 102 | P11: =IF($N11>LIMITE_CRITICO,"INVIAVEL - demanda excede a capacidade em 21 h/dia",IF($N11>LIMITE_ATENCAO,"CRITICO - utilizacao acima de "&TEXT(LIMITE_ATENCAO,"0%"),IF($N11>LIMITE_CONFORTAVEL,"ATENCAO - utilizacao acima de "&TEXT(LIMITE_CONFORTAVEL,"0%"),"OK - capacidade suficiente"))) -> OK - capacidade suficiente | Q11: =AUX_MATRIZES!H150 -> 0.071845922 | R11: =AUX_MATRIZES!H151 -> RM05 | S11: =IF($Q11>LIMITE_CRITICO,"INVIAVEL - demanda excede a capacidade em 21 h/dia",IF($Q11>LIMITE_ATENCAO,"CRITICO - utilizacao acima de "&TEXT(LIMITE_ATENCAO,"0%"),IF($Q11>LIMITE_CONFORTAVEL,"ATENCAO - utilizacao acima de "&TEXT(LIMITE_CONFORTAVEL,"0%"),"OK - capacidade suficiente"))) -> OK - capacidade suficiente | T11: =AUX_MATRIZES!H152 -> 0.071845922 | U11: =AUX_MATRIZES!H153 -> TR05 | V11: =IF($T11>LIMITE_CRITICO,"INVIAVEL - demanda excede a capacidade em 21 h/dia",IF($T11>LIMITE_ATENCAO,"CRITICO - utilizacao acima de "&TEXT(LIMITE_ATENCAO,"0%"),IF($T11>LIMITE_CONFORTAVEL,"ATENCAO - utilizacao acima de "&TEXT(LIMITE_CONFORTAVEL,"0%"),"OK - capacidade suficiente"))) -> OK - capacidade suficiente | W11: =AUX_MATRIZES!H161 -> 105840.3
B12: =SEMANAS!$B$12 -> 7 | C12: =SEMANAS!$C$12 -> 46307 | D12: =SEMANAS!$D$12 -> 46313 | E12: =AUX_MATRIZES!I140 -> 99184.733 | F12: =AUX_MATRIZES!I156*SEMANAS!$K$12 -> 4470818.1 | G12: =IFERROR($E12/$F12,0) -> 0.022184918 | H12: =MAX(0,$E12-$F12) -> 0 | I12: =AUX_MATRIZES!I158 -> 0 | J12: =AUX_MATRIZES!I160 -> 0 | K12: =IFERROR(MAX(0,$E12/AUX_MATRIZES!I156-SEMANAS!$K$12),0) -> 0 | L12: =IFERROR(MAX(0,$E12/SEMANAS!$K$12-AUX_MATRIZES!I156),0) -> 0 | M12: =IF($G12>LIMITE_CRITICO,"INVIAVEL - demanda excede a capacidade em 21 h/dia",IF($G12>LIMITE_ATENCAO,"CRITICO - utilizacao acima de "&TEXT(LIMITE_ATENCAO,"0%"),IF($G12>LIMITE_CONFORTAVEL,"ATENCAO - utilizacao acima de "&TEXT(LIMITE_CONFORTAVEL,"0%"),"OK - capacidade suficiente"))) -> OK - capacidade suficiente | N12: =AUX_MATRIZES!I148 -> 0.26227451 | O12: =AUX_MATRIZES!I149 -> PV 102 | P12: =IF($N12>LIMITE_CRITICO,"INVIAVEL - demanda excede a capacidade em 21 h/dia",IF($N12>LIMITE_ATENCAO,"CRITICO - utilizacao acima de "&TEXT(LIMITE_ATENCAO,"0%"),IF($N12>LIMITE_CONFORTAVEL,"ATENCAO - utilizacao acima de "&TEXT(LIMITE_CONFORTAVEL,"0%"),"OK - capacidade suficiente"))) -> OK - capacidade suficiente | Q12: =AUX_MATRIZES!I150 -> 0.071845922 | R12: =AUX_MATRIZES!I151 -> RM05 | S12: =IF($Q12>LIMITE_CRITICO,"INVIAVEL - demanda excede a capacidade em 21 h/dia",IF($Q12>LIMITE_ATENCAO,"CRITICO - utilizacao acima de "&TEXT(LIMITE_ATENCAO,"0%"),IF($Q12>LIMITE_CONFORTAVEL,"ATENCAO - utilizacao acima de "&TEXT(LIMITE_CONFORTAVEL,"0%"),"OK - capacidade suficiente"))) -> OK - capacidade suficiente | T12: =AUX_MATRIZES!I152 -> 0.071845922 | U12: =AUX_MATRIZES!I153 -> TR05 | V12: =IF($T12>LIMITE_CRITICO,"INVIAVEL - demanda excede a capacidade em 21 h/dia",IF($T12>LIMITE_ATENCAO,"CRITICO - utilizacao acima de "&TEXT(LIMITE_ATENCAO,"0%"),IF($T12>LIMITE_CONFORTAVEL,"ATENCAO - utilizacao acima de "&TEXT(LIMITE_CONFORTAVEL,"0%"),"OK - capacidade suficiente"))) -> OK - capacidade suficiente | W12: =AUX_MATRIZES!I161 -> 99184.733
B13: =SEMANAS!$B$13 -> 8 | C13: =SEMANAS!$C$13 -> 46314 | D13: =SEMANAS!$D$13 -> 46320 | E13: =AUX_MATRIZES!J140 -> 97606.549 | F13: =AUX_MATRIZES!J156*SEMANAS!$K$13 -> 4470818.1 | G13: =IFERROR($E13/$F13,0) -> 0.021831921 | H13: =MAX(0,$E13-$F13) -> 0 | I13: =AUX_MATRIZES!J158 -> 0 | J13: =AUX_MATRIZES!J160 -> 0 | K13: =IFERROR(MAX(0,$E13/AUX_MATRIZES!J156-SEMANAS!$K$13),0) -> 0 | L13: =IFERROR(MAX(0,$E13/SEMANAS!$K$13-AUX_MATRIZES!J156),0) -> 0 | M13: =IF($G13>LIMITE_CRITICO,"INVIAVEL - demanda excede a capacidade em 21 h/dia",IF($G13>LIMITE_ATENCAO,"CRITICO - utilizacao acima de "&TEXT(LIMITE_ATENCAO,"0%"),IF($G13>LIMITE_CONFORTAVEL,"ATENCAO - utilizacao acima de "&TEXT(LIMITE_CONFORTAVEL,"0%"),"OK - capacidade suficiente"))) -> OK - capacidade suficiente | N13: =AUX_MATRIZES!J148 -> 0.26227451 | O13: =AUX_MATRIZES!J149 -> PV 102 | P13: =IF($N13>LIMITE_CRITICO,"INVIAVEL - demanda excede a capacidade em 21 h/dia",IF($N13>LIMITE_ATENCAO,"CRITICO - utilizacao acima de "&TEXT(LIMITE_ATENCAO,"0%"),IF($N13>LIMITE_CONFORTAVEL,"ATENCAO - utilizacao acima de "&TEXT(LIMITE_CONFORTAVEL,"0%"),"OK - capacidade suficiente"))) -> OK - capacidade suficiente | Q13: =AUX_MATRIZES!J150 -> 0.06191984 | R13: =AUX_MATRIZES!J151 -> RM05 | S13: =IF($Q13>LIMITE_CRITICO,"INVIAVEL - demanda excede a capacidade em 21 h/dia",IF($Q13>LIMITE_ATENCAO,"CRITICO - utilizacao acima de "&TEXT(LIMITE_ATENCAO,"0%"),IF($Q13>LIMITE_CONFORTAVEL,"ATENCAO - utilizacao acima de "&TEXT(LIMITE_CONFORTAVEL,"0%"),"OK - capacidade suficiente"))) -> OK - capacidade suficiente | T13: =AUX_MATRIZES!J152 -> 0.06191984 | U13: =AUX_MATRIZES!J153 -> TR05 | V13: =IF($T13>LIMITE_CRITICO,"INVIAVEL - demanda excede a capacidade em 21 h/dia",IF($T13>LIMITE_ATENCAO,"CRITICO - utilizacao acima de "&TEXT(LIMITE_ATENCAO,"0%"),IF($T13>LIMITE_CONFORTAVEL,"ATENCAO - utilizacao acima de "&TEXT(LIMITE_CONFORTAVEL,"0%"),"OK - capacidade suficiente"))) -> OK - capacidade suficiente | W13: =AUX_MATRIZES!J161 -> 97606.549
B14: =SEMANAS!$B$14 -> 9 | C14: =SEMANAS!$C$14 -> 46321 | D14: =SEMANAS!$D$14 -> 46327 | E14: =AUX_MATRIZES!K140 -> 101846.33 | F14: =AUX_MATRIZES!K156*SEMANAS!$K$14 -> 4470818.1 | G14: =IFERROR($E14/$F14,0) -> 0.022780245 | H14: =MAX(0,$E14-$F14) -> 0 | I14: =AUX_MATRIZES!K158 -> 0 | J14: =AUX_MATRIZES!K160 -> 0 | K14: =IFERROR(MAX(0,$E14/AUX_MATRIZES!K156-SEMANAS!$K$14),0) -> 0 | L14: =IFERROR(MAX(0,$E14/SEMANAS!$K$14-AUX_MATRIZES!K156),0) -> 0 | M14: =IF($G14>LIMITE_CRITICO,"INVIAVEL - demanda excede a capacidade em 21 h/dia",IF($G14>LIMITE_ATENCAO,"CRITICO - utilizacao acima de "&TEXT(LIMITE_ATENCAO,"0%"),IF($G14>LIMITE_CONFORTAVEL,"ATENCAO - utilizacao acima de "&TEXT(LIMITE_CONFORTAVEL,"0%"),"OK - capacidade suficiente"))) -> OK - capacidade suficiente | N14: =AUX_MATRIZES!K148 -> 0.20443137 | O14: =AUX_MATRIZES!K149 -> PV 102 | P14: =IF($N14>LIMITE_CRITICO,"INVIAVEL - demanda excede a capacidade em 21 h/dia",IF($N14>LIMITE_ATENCAO,"CRITICO - utilizacao acima de "&TEXT(LIMITE_ATENCAO,"0%"),IF($N14>LIMITE_CONFORTAVEL,"ATENCAO - utilizacao acima de "&TEXT(LIMITE_CONFORTAVEL,"0%"),"OK - capacidade suficiente"))) -> OK - capacidade suficiente | Q14: =AUX_MATRIZES!K150 -> 0.086363108 | R14: =AUX_MATRIZES!K151 -> RM01 | S14: =IF($Q14>LIMITE_CRITICO,"INVIAVEL - demanda excede a capacidade em 21 h/dia",IF($Q14>LIMITE_ATENCAO,"CRITICO - utilizacao acima de "&TEXT(LIMITE_ATENCAO,"0%"),IF($Q14>LIMITE_CONFORTAVEL,"ATENCAO - utilizacao acima de "&TEXT(LIMITE_CONFORTAVEL,"0%"),"OK - capacidade suficiente"))) -> OK - capacidade suficiente | T14: =AUX_MATRIZES!K152 -> 0.086363108 | U14: =AUX_MATRIZES!K153 -> TR01 | V14: =IF($T14>LIMITE_CRITICO,"INVIAVEL - demanda excede a capacidade em 21 h/dia",IF($T14>LIMITE_ATENCAO,"CRITICO - utilizacao acima de "&TEXT(LIMITE_ATENCAO,"0%"),IF($T14>LIMITE_CONFORTAVEL,"ATENCAO - utilizacao acima de "&TEXT(LIMITE_CONFORTAVEL,"0%"),"OK - capacidade suficiente"))) -> OK - capacidade suficiente | W14: =AUX_MATRIZES!K161 -> 101846.33
B15: =SEMANAS!$B$15 -> 10 | C15: =SEMANAS!$C$15 -> 46328 | D15: =SEMANAS!$D$15 -> 46334 | E15: =AUX_MATRIZES!L140 -> 0 | F15: =AUX_MATRIZES!L156*SEMANAS!$K$15 -> 4470818.1 | G15: =IFERROR($E15/$F15,0) -> 0 | H15: =MAX(0,$E15-$F15) -> 0 | I15: =AUX_MATRIZES!L158 -> 0 | J15: =AUX_MATRIZES!L160 -> 0 | K15: =IFERROR(MAX(0,$E15/AUX_MATRIZES!L156-SEMANAS!$K$15),0) -> 0 | L15: =IFERROR(MAX(0,$E15/SEMANAS!$K$15-AUX_MATRIZES!L156),0) -> 0 | M15: =IF($G15>LIMITE_CRITICO,"INVIAVEL - demanda excede a capacidade em 21 h/dia",IF($G15>LIMITE_ATENCAO,"CRITICO - utilizacao acima de "&TEXT(LIMITE_ATENCAO,"0%"),IF($G15>LIMITE_CONFORTAVEL,"ATENCAO - utilizacao acima de "&TEXT(LIMITE_CONFORTAVEL,"0%"),"OK - capacidade suficiente"))) -> OK - capacidade suficiente | N15: =AUX_MATRIZES!L148 -> 0 | O15: =AUX_MATRIZES!L149 -> PV 109 | P15: =IF($N15>LIMITE_CRITICO,"INVIAVEL - demanda excede a capacidade em 21 h/dia",IF($N15>LIMITE_ATENCAO,"CRITICO - utilizacao acima de "&TEXT(LIMITE_ATENCAO,"0%"),IF($N15>LIMITE_CONFORTAVEL,"ATENCAO - utilizacao acima de "&TEXT(LIMITE_CONFORTAVEL,"0%"),"OK - capacidade suficiente"))) -> OK - capacidade suficiente | Q15: =AUX_MATRIZES!L150 -> 0 | R15: =AUX_MATRIZES!L151 -> RM01 | S15: =IF($Q15>LIMITE_CRITICO,"INVIAVEL - demanda excede a capacidade em 21 h/dia",IF($Q15>LIMITE_ATENCAO,"CRITICO - utilizacao acima de "&TEXT(LIMITE_ATENCAO,"0%"),IF($Q15>LIMITE_CONFORTAVEL,"ATENCAO - utilizacao acima de "&TEXT(LIMITE_CONFORTAVEL,"0%"),"OK - capacidade suficiente"))) -> OK - capacidade suficiente | T15: =AUX_MATRIZES!L152 -> 0 | U15: =AUX_MATRIZES!L153 -> TR01 | V15: =IF($T15>LIMITE_CRITICO,"INVIAVEL - demanda excede a capacidade em 21 h/dia",IF($T15>LIMITE_ATENCAO,"CRITICO - utilizacao acima de "&TEXT(LIMITE_ATENCAO,"0%"),IF($T15>LIMITE_CONFORTAVEL,"ATENCAO - utilizacao acima de "&TEXT(LIMITE_CONFORTAVEL,"0%"),"OK - capacidade suficiente"))) -> OK - capacidade suficiente | W15: =AUX_MATRIZES!L161 -> 1e-05
B16: =SEMANAS!$B$16 -> 11 | C16: =SEMANAS!$C$16 -> 46335 | D16: =SEMANAS!$D$16 -> 46341 | E16: =AUX_MATRIZES!M140 -> 14677.596 | F16: =AUX_MATRIZES!M156*SEMANAS!$K$16 -> 4470818.1 | G16: =IFERROR($E16/$F16,0) -> 0.0032829776 | H16: =MAX(0,$E16-$F16) -> 0 | I16: =AUX_MATRIZES!M158 -> 0 | J16: =AUX_MATRIZES!M160 -> 0 | K16: =IFERROR(MAX(0,$E16/AUX_MATRIZES!M156-SEMANAS!$K$16),0) -> 0 | L16: =IFERROR(MAX(0,$E16/SEMANAS!$K$16-AUX_MATRIZES!M156),0) -> 0 | M16: =IF($G16>LIMITE_CRITICO,"INVIAVEL - demanda excede a capacidade em 21 h/dia",IF($G16>LIMITE_ATENCAO,"CRITICO - utilizacao acima de "&TEXT(LIMITE_ATENCAO,"0%"),IF($G16>LIMITE_CONFORTAVEL,"ATENCAO - utilizacao acima de "&TEXT(LIMITE_CONFORTAVEL,"0%"),"OK - capacidade suficiente"))) -> OK - capacidade suficiente | N16: =AUX_MATRIZES!M148 -> 0.02345098 | O16: =AUX_MATRIZES!M149 -> PV 109 | P16: =IF($N16>LIMITE_CRITICO,"INVIAVEL - demanda excede a capacidade em 21 h/dia",IF($N16>LIMITE_ATENCAO,"CRITICO - utilizacao acima de "&TEXT(LIMITE_ATENCAO,"0%"),IF($N16>LIMITE_CONFORTAVEL,"ATENCAO - utilizacao acima de "&TEXT(LIMITE_CONFORTAVEL,"0%"),"OK - capacidade suficiente"))) -> OK - capacidade suficiente | Q16: =AUX_MATRIZES!M150 -> 0.02345098 | R16: =AUX_MATRIZES!M151 -> RM01 | S16: =IF($Q16>LIMITE_CRITICO,"INVIAVEL - demanda excede a capacidade em 21 h/dia",IF($Q16>LIMITE_ATENCAO,"CRITICO - utilizacao acima de "&TEXT(LIMITE_ATENCAO,"0%"),IF($Q16>LIMITE_CONFORTAVEL,"ATENCAO - utilizacao acima de "&TEXT(LIMITE_CONFORTAVEL,"0%"),"OK - capacidade suficiente"))) -> OK - capacidade suficiente | T16: =AUX_MATRIZES!M152 -> 0.02345098 | U16: =AUX_MATRIZES!M153 -> TR01 | V16: =IF($T16>LIMITE_CRITICO,"INVIAVEL - demanda excede a capacidade em 21 h/dia",IF($T16>LIMITE_ATENCAO,"CRITICO - utilizacao acima de "&TEXT(LIMITE_ATENCAO,"0%"),IF($T16>LIMITE_CONFORTAVEL,"ATENCAO - utilizacao acima de "&TEXT(LIMITE_CONFORTAVEL,"0%"),"OK - capacidade suficiente"))) -> OK - capacidade suficiente | W16: =AUX_MATRIZES!M161 -> 14677.596
B17: =SEMANAS!$B$17 -> 12 | C17: =SEMANAS!$C$17 -> 46342 | D17: =SEMANAS!$D$17 -> 46348 | E17: =AUX_MATRIZES!N140 -> 14948.698 | F17: =AUX_MATRIZES!N156*SEMANAS!$K$17 -> 4470818.1 | G17: =IFERROR($E17/$F17,0) -> 0.0033436159 | H17: =MAX(0,$E17-$F17) -> 0 | I17: =AUX_MATRIZES!N158 -> 0 | J17: =AUX_MATRIZES!N160 -> 0 | K17: =IFERROR(MAX(0,$E17/AUX_MATRIZES!N156-SEMANAS!$K$17),0) -> 0 | L17: =IFERROR(MAX(0,$E17/SEMANAS!$K$17-AUX_MATRIZES!N156),0) -> 0 | M17: =IF($G17>LIMITE_CRITICO,"INVIAVEL - demanda excede a capacidade em 21 h/dia",IF($G17>LIMITE_ATENCAO,"CRITICO - utilizacao acima de "&TEXT(LIMITE_ATENCAO,"0%"),IF($G17>LIMITE_CONFORTAVEL,"ATENCAO - utilizacao acima de "&TEXT(LIMITE_CONFORTAVEL,"0%"),"OK - capacidade suficiente"))) -> OK - capacidade suficiente | N17: =AUX_MATRIZES!N148 -> 0.02345098 | O17: =AUX_MATRIZES!N149 -> PV 109 | P17: =IF($N17>LIMITE_CRITICO,"INVIAVEL - demanda excede a capacidade em 21 h/dia",IF($N17>LIMITE_ATENCAO,"CRITICO - utilizacao acima de "&TEXT(LIMITE_ATENCAO,"0%"),IF($N17>LIMITE_CONFORTAVEL,"ATENCAO - utilizacao acima de "&TEXT(LIMITE_CONFORTAVEL,"0%"),"OK - capacidade suficiente"))) -> OK - capacidade suficiente | Q17: =AUX_MATRIZES!N150 -> 0.02345098 | R17: =AUX_MATRIZES!N151 -> RM01 | S17: =IF($Q17>LIMITE_CRITICO,"INVIAVEL - demanda excede a capacidade em 21 h/dia",IF($Q17>LIMITE_ATENCAO,"CRITICO - utilizacao acima de "&TEXT(LIMITE_ATENCAO,"0%"),IF($Q17>LIMITE_CONFORTAVEL,"ATENCAO - utilizacao acima de "&TEXT(LIMITE_CONFORTAVEL,"0%"),"OK - capacidade suficiente"))) -> OK - capacidade suficiente | T17: =AUX_MATRIZES!N152 -> 0.02345098 | U17: =AUX_MATRIZES!N153 -> TR01 | V17: =IF($T17>LIMITE_CRITICO,"INVIAVEL - demanda excede a capacidade em 21 h/dia",IF($T17>LIMITE_ATENCAO,"CRITICO - utilizacao acima de "&TEXT(LIMITE_ATENCAO,"0%"),IF($T17>LIMITE_CONFORTAVEL,"ATENCAO - utilizacao acima de "&TEXT(LIMITE_CONFORTAVEL,"0%"),"OK - capacidade suficiente"))) -> OK - capacidade suficiente | W17: =AUX_MATRIZES!N161 -> 14948.698
B18: =SEMANAS!$B$18 -> 13 | C18: =SEMANAS!$C$18 -> 46349 | D18: =SEMANAS!$D$18 -> 46355 | E18: =AUX_MATRIZES!O140 -> 23618.658 | F18: =AUX_MATRIZES!O156*SEMANAS!$K$18 -> 4470818.1 | G18: =IFERROR($E18/$F18,0) -> 0.0052828492 | H18: =MAX(0,$E18-$F18) -> 0 | I18: =AUX_MATRIZES!O158 -> 0 | J18: =AUX_MATRIZES!O160 -> 0 | K18: =IFERROR(MAX(0,$E18/AUX_MATRIZES!O156-SEMANAS!$K$18),0) -> 0 | L18: =IFERROR(MAX(0,$E18/SEMANAS!$K$18-AUX_MATRIZES!O156),0) -> 0 | M18: =IF($G18>LIMITE_CRITICO,"INVIAVEL - demanda excede a capacidade em 21 h/dia",IF($G18>LIMITE_ATENCAO,"CRITICO - utilizacao acima de "&TEXT(LIMITE_ATENCAO,"0%"),IF($G18>LIMITE_CONFORTAVEL,"ATENCAO - utilizacao acima de "&TEXT(LIMITE_CONFORTAVEL,"0%"),"OK - capacidade suficiente"))) -> OK - capacidade suficiente | N18: =AUX_MATRIZES!O148 -> 0.024067107 | O18: =AUX_MATRIZES!O149 -> PV 113 | P18: =IF($N18>LIMITE_CRITICO,"INVIAVEL - demanda excede a capacidade em 21 h/dia",IF($N18>LIMITE_ATENCAO,"CRITICO - utilizacao acima de "&TEXT(LIMITE_ATENCAO,"0%"),IF($N18>LIMITE_CONFORTAVEL,"ATENCAO - utilizacao acima de "&TEXT(LIMITE_CONFORTAVEL,"0%"),"OK - capacidade suficiente"))) -> OK - capacidade suficiente | Q18: =AUX_MATRIZES!O150 -> 0.02345098 | R18: =AUX_MATRIZES!O151 -> RM01 | S18: =IF($Q18>LIMITE_CRITICO,"INVIAVEL - demanda excede a capacidade em 21 h/dia",IF($Q18>LIMITE_ATENCAO,"CRITICO - utilizacao acima de "&TEXT(LIMITE_ATENCAO,"0%"),IF($Q18>LIMITE_CONFORTAVEL,"ATENCAO - utilizacao acima de "&TEXT(LIMITE_CONFORTAVEL,"0%"),"OK - capacidade suficiente"))) -> OK - capacidade suficiente | T18: =AUX_MATRIZES!O152 -> 0.02345098 | U18: =AUX_MATRIZES!O153 -> TR01 | V18: =IF($T18>LIMITE_CRITICO,"INVIAVEL - demanda excede a capacidade em 21 h/dia",IF($T18>LIMITE_ATENCAO,"CRITICO - utilizacao acima de "&TEXT(LIMITE_ATENCAO,"0%"),IF($T18>LIMITE_CONFORTAVEL,"ATENCAO - utilizacao acima de "&TEXT(LIMITE_CONFORTAVEL,"0%"),"OK - capacidade suficiente"))) -> OK - capacidade suficiente | W18: =AUX_MATRIZES!O161 -> 23618.658
B19: =SEMANAS!$B$19 -> 14 | C19: =SEMANAS!$C$19 -> 46356 | D19: =SEMANAS!$D$19 -> 46362 | E19: =AUX_MATRIZES!P140 -> 0 | F19: =AUX_MATRIZES!P156*SEMANAS!$K$19 -> 4470818.1 | G19: =IFERROR($E19/$F19,0) -> 0 | H19: =MAX(0,$E19-$F19) -> 0 | I19: =AUX_MATRIZES!P158 -> 0 | J19: =AUX_MATRIZES!P160 -> 0 | K19: =IFERROR(MAX(0,$E19/AUX_MATRIZES!P156-SEMANAS!$K$19),0) -> 0 | L19: =IFERROR(MAX(0,$E19/SEMANAS!$K$19-AUX_MATRIZES!P156),0) -> 0 | M19: =IF($G19>LIMITE_CRITICO,"INVIAVEL - demanda excede a capacidade em 21 h/dia",IF($G19>LIMITE_ATENCAO,"CRITICO - utilizacao acima de "&TEXT(LIMITE_ATENCAO,"0%"),IF($G19>LIMITE_CONFORTAVEL,"ATENCAO - utilizacao acima de "&TEXT(LIMITE_CONFORTAVEL,"0%"),"OK - capacidade suficiente"))) -> OK - capacidade suficiente | N19: =AUX_MATRIZES!P148 -> 0 | O19: =AUX_MATRIZES!P149 -> PV 109 | P19: =IF($N19>LIMITE_CRITICO,"INVIAVEL - demanda excede a capacidade em 21 h/dia",IF($N19>LIMITE_ATENCAO,"CRITICO - utilizacao acima de "&TEXT(LIMITE_ATENCAO,"0%"),IF($N19>LIMITE_CONFORTAVEL,"ATENCAO - utilizacao acima de "&TEXT(LIMITE_CONFORTAVEL,"0%"),"OK - capacidade suficiente"))) -> OK - capacidade suficiente | Q19: =AUX_MATRIZES!P150 -> 0 | R19: =AUX_MATRIZES!P151 -> RM01 | S19: =IF($Q19>LIMITE_CRITICO,"INVIAVEL - demanda excede a capacidade em 21 h/dia",IF($Q19>LIMITE_ATENCAO,"CRITICO - utilizacao acima de "&TEXT(LIMITE_ATENCAO,"0%"),IF($Q19>LIMITE_CONFORTAVEL,"ATENCAO - utilizacao acima de "&TEXT(LIMITE_CONFORTAVEL,"0%"),"OK - capacidade suficiente"))) -> OK - capacidade suficiente | T19: =AUX_MATRIZES!P152 -> 0 | U19: =AUX_MATRIZES!P153 -> TR01 | V19: =IF($T19>LIMITE_CRITICO,"INVIAVEL - demanda excede a capacidade em 21 h/dia",IF($T19>LIMITE_ATENCAO,"CRITICO - utilizacao acima de "&TEXT(LIMITE_ATENCAO,"0%"),IF($T19>LIMITE_CONFORTAVEL,"ATENCAO - utilizacao acima de "&TEXT(LIMITE_CONFORTAVEL,"0%"),"OK - capacidade suficiente"))) -> OK - capacidade suficiente | W19: =AUX_MATRIZES!P161 -> 1.4e-05
B20: =SEMANAS!$B$20 -> 15 | C20: =SEMANAS!$C$20 -> 46363 | D20: =SEMANAS!$D$20 -> 46369 | E20: =AUX_MATRIZES!Q140 -> 0 | F20: =AUX_MATRIZES!Q156*SEMANAS!$K$20 -> 4470818.1 | G20: =IFERROR($E20/$F20,0) -> 0 | H20: =MAX(0,$E20-$F20) -> 0 | I20: =AUX_MATRIZES!Q158 -> 0 | J20: =AUX_MATRIZES!Q160 -> 0 | K20: =IFERROR(MAX(0,$E20/AUX_MATRIZES!Q156-SEMANAS!$K$20),0) -> 0 | L20: =IFERROR(MAX(0,$E20/SEMANAS!$K$20-AUX_MATRIZES!Q156),0) -> 0 | M20: =IF($G20>LIMITE_CRITICO,"INVIAVEL - demanda excede a capacidade em 21 h/dia",IF($G20>LIMITE_ATENCAO,"CRITICO - utilizacao acima de "&TEXT(LIMITE_ATENCAO,"0%"),IF($G20>LIMITE_CONFORTAVEL,"ATENCAO - utilizacao acima de "&TEXT(LIMITE_CONFORTAVEL,"0%"),"OK - capacidade suficiente"))) -> OK - capacidade suficiente | N20: =AUX_MATRIZES!Q148 -> 0 | O20: =AUX_MATRIZES!Q149 -> PV 109 | P20: =IF($N20>LIMITE_CRITICO,"INVIAVEL - demanda excede a capacidade em 21 h/dia",IF($N20>LIMITE_ATENCAO,"CRITICO - utilizacao acima de "&TEXT(LIMITE_ATENCAO,"0%"),IF($N20>LIMITE_CONFORTAVEL,"ATENCAO - utilizacao acima de "&TEXT(LIMITE_CONFORTAVEL,"0%"),"OK - capacidade suficiente"))) -> OK - capacidade suficiente | Q20: =AUX_MATRIZES!Q150 -> 0 | R20: =AUX_MATRIZES!Q151 -> RM01 | S20: =IF($Q20>LIMITE_CRITICO,"INVIAVEL - demanda excede a capacidade em 21 h/dia",IF($Q20>LIMITE_ATENCAO,"CRITICO - utilizacao acima de "&TEXT(LIMITE_ATENCAO,"0%"),IF($Q20>LIMITE_CONFORTAVEL,"ATENCAO - utilizacao acima de "&TEXT(LIMITE_CONFORTAVEL,"0%"),"OK - capacidade suficiente"))) -> OK - capacidade suficiente | T20: =AUX_MATRIZES!Q152 -> 0 | U20: =AUX_MATRIZES!Q153 -> TR01 | V20: =IF($T20>LIMITE_CRITICO,"INVIAVEL - demanda excede a capacidade em 21 h/dia",IF($T20>LIMITE_ATENCAO,"CRITICO - utilizacao acima de "&TEXT(LIMITE_ATENCAO,"0%"),IF($T20>LIMITE_CONFORTAVEL,"ATENCAO - utilizacao acima de "&TEXT(LIMITE_CONFORTAVEL,"0%"),"OK - capacidade suficiente"))) -> OK - capacidade suficiente | W20: =AUX_MATRIZES!Q161 -> 1.5e-05
B21: =SEMANAS!$B$21 -> 16 | C21: =SEMANAS!$C$21 -> 46370 | D21: =SEMANAS!$D$21 -> 46376 | E21: =AUX_MATRIZES!R140 -> 0 | F21: =AUX_MATRIZES!R156*SEMANAS!$K$21 -> 4470818.1 | G21: =IFERROR($E21/$F21,0) -> 0 | H21: =MAX(0,$E21-$F21) -> 0 | I21: =AUX_MATRIZES!R158 -> 0 | J21: =AUX_MATRIZES!R160 -> 0 | K21: =IFERROR(MAX(0,$E21/AUX_MATRIZES!R156-SEMANAS!$K$21),0) -> 0 | L21: =IFERROR(MAX(0,$E21/SEMANAS!$K$21-AUX_MATRIZES!R156),0) -> 0 | M21: =IF($G21>LIMITE_CRITICO,"INVIAVEL - demanda excede a capacidade em 21 h/dia",IF($G21>LIMITE_ATENCAO,"CRITICO - utilizacao acima de "&TEXT(LIMITE_ATENCAO,"0%"),IF($G21>LIMITE_CONFORTAVEL,"ATENCAO - utilizacao acima de "&TEXT(LIMITE_CONFORTAVEL,"0%"),"OK - capacidade suficiente"))) -> OK - capacidade suficiente | N21: =AUX_MATRIZES!R148 -> 0 | O21: =AUX_MATRIZES!R149 -> PV 109 | P21: =IF($N21>LIMITE_CRITICO,"INVIAVEL - demanda excede a capacidade em 21 h/dia",IF($N21>LIMITE_ATENCAO,"CRITICO - utilizacao acima de "&TEXT(LIMITE_ATENCAO,"0%"),IF($N21>LIMITE_CONFORTAVEL,"ATENCAO - utilizacao acima de "&TEXT(LIMITE_CONFORTAVEL,"0%"),"OK - capacidade suficiente"))) -> OK - capacidade suficiente | Q21: =AUX_MATRIZES!R150 -> 0 | R21: =AUX_MATRIZES!R151 -> RM01 | S21: =IF($Q21>LIMITE_CRITICO,"INVIAVEL - demanda excede a capacidade em 21 h/dia",IF($Q21>LIMITE_ATENCAO,"CRITICO - utilizacao acima de "&TEXT(LIMITE_ATENCAO,"0%"),IF($Q21>LIMITE_CONFORTAVEL,"ATENCAO - utilizacao acima de "&TEXT(LIMITE_CONFORTAVEL,"0%"),"OK - capacidade suficiente"))) -> OK - capacidade suficiente | T21: =AUX_MATRIZES!R152 -> 0 | U21: =AUX_MATRIZES!R153 -> TR01 | V21: =IF($T21>LIMITE_CRITICO,"INVIAVEL - demanda excede a capacidade em 21 h/dia",IF($T21>LIMITE_ATENCAO,"CRITICO - utilizacao acima de "&TEXT(LIMITE_ATENCAO,"0%"),IF($T21>LIMITE_CONFORTAVEL,"ATENCAO - utilizacao acima de "&TEXT(LIMITE_CONFORTAVEL,"0%"),"OK - capacidade suficiente"))) -> OK - capacidade suficiente | W21: =AUX_MATRIZES!R161 -> 1.6e-05
B22: =SEMANAS!$B$22 -> 17 | C22: =SEMANAS!$C$22 -> 46377 | D22: =SEMANAS!$D$22 -> 46383 | E22: =AUX_MATRIZES!S140 -> 0 | F22: =AUX_MATRIZES!S156*SEMANAS!$K$22 -> 4470818.1 | G22: =IFERROR($E22/$F22,0) -> 0 | H22: =MAX(0,$E22-$F22) -> 0 | I22: =AUX_MATRIZES!S158 -> 0 | J22: =AUX_MATRIZES!S160 -> 0 | K22: =IFERROR(MAX(0,$E22/AUX_MATRIZES!S156-SEMANAS!$K$22),0) -> 0 | L22: =IFERROR(MAX(0,$E22/SEMANAS!$K$22-AUX_MATRIZES!S156),0) -> 0 | M22: =IF($G22>LIMITE_CRITICO,"INVIAVEL - demanda excede a capacidade em 21 h/dia",IF($G22>LIMITE_ATENCAO,"CRITICO - utilizacao acima de "&TEXT(LIMITE_ATENCAO,"0%"),IF($G22>LIMITE_CONFORTAVEL,"ATENCAO - utilizacao acima de "&TEXT(LIMITE_CONFORTAVEL,"0%"),"OK - capacidade suficiente"))) -> OK - capacidade suficiente | N22: =AUX_MATRIZES!S148 -> 0 | O22: =AUX_MATRIZES!S149 -> PV 109 | P22: =IF($N22>LIMITE_CRITICO,"INVIAVEL - demanda excede a capacidade em 21 h/dia",IF($N22>LIMITE_ATENCAO,"CRITICO - utilizacao acima de "&TEXT(LIMITE_ATENCAO,"0%"),IF($N22>LIMITE_CONFORTAVEL,"ATENCAO - utilizacao acima de "&TEXT(LIMITE_CONFORTAVEL,"0%"),"OK - capacidade suficiente"))) -> OK - capacidade suficiente | Q22: =AUX_MATRIZES!S150 -> 0 | R22: =AUX_MATRIZES!S151 -> RM01 | S22: =IF($Q22>LIMITE_CRITICO,"INVIAVEL - demanda excede a capacidade em 21 h/dia",IF($Q22>LIMITE_ATENCAO,"CRITICO - utilizacao acima de "&TEXT(LIMITE_ATENCAO,"0%"),IF($Q22>LIMITE_CONFORTAVEL,"ATENCAO - utilizacao acima de "&TEXT(LIMITE_CONFORTAVEL,"0%"),"OK - capacidade suficiente"))) -> OK - capacidade suficiente | T22: =AUX_MATRIZES!S152 -> 0 | U22: =AUX_MATRIZES!S153 -> TR01 | V22: =IF($T22>LIMITE_CRITICO,"INVIAVEL - demanda excede a capacidade em 21 h/dia",IF($T22>LIMITE_ATENCAO,"CRITICO - utilizacao acima de "&TEXT(LIMITE_ATENCAO,"0%"),IF($T22>LIMITE_CONFORTAVEL,"ATENCAO - utilizacao acima de "&TEXT(LIMITE_CONFORTAVEL,"0%"),"OK - capacidade suficiente"))) -> OK - capacidade suficiente | W22: =AUX_MATRIZES!S161 -> 1.7e-05
B23: =SEMANAS!$B$23 -> 18 | C23: =SEMANAS!$C$23 -> 46384 | D23: =SEMANAS!$D$23 -> 46390 | E23: =AUX_MATRIZES!T140 -> 6872.8524 | F23: =AUX_MATRIZES!T156*SEMANAS!$K$23 -> 4470818.1 | G23: =IFERROR($E23/$F23,0) -> 0.0015372695 | H23: =MAX(0,$E23-$F23) -> 0 | I23: =AUX_MATRIZES!T158 -> 0 | J23: =AUX_MATRIZES!T160 -> 0 | K23: =IFERROR(MAX(0,$E23/AUX_MATRIZES!T156-SEMANAS!$K$23),0) -> 0 | L23: =IFERROR(MAX(0,$E23/SEMANAS!$K$23-AUX_MATRIZES!T156),0) -> 0 | M23: =IF($G23>LIMITE_CRITICO,"INVIAVEL - demanda excede a capacidade em 21 h/dia",IF($G23>LIMITE_ATENCAO,"CRITICO - utilizacao acima de "&TEXT(LIMITE_ATENCAO,"0%"),IF($G23>LIMITE_CONFORTAVEL,"ATENCAO - utilizacao acima de "&TEXT(LIMITE_CONFORTAVEL,"0%"),"OK - capacidade suficiente"))) -> OK - capacidade suficiente | N23: =AUX_MATRIZES!T148 -> 0.0063606981 | O23: =AUX_MATRIZES!T149 -> PV 113 | P23: =IF($N23>LIMITE_CRITICO,"INVIAVEL - demanda excede a capacidade em 21 h/dia",IF($N23>LIMITE_ATENCAO,"CRITICO - utilizacao acima de "&TEXT(LIMITE_ATENCAO,"0%"),IF($N23>LIMITE_CONFORTAVEL,"ATENCAO - utilizacao acima de "&TEXT(LIMITE_CONFORTAVEL,"0%"),"OK - capacidade suficiente"))) -> OK - capacidade suficiente | Q23: =AUX_MATRIZES!T150 -> 0.0033037596 | R23: =AUX_MATRIZES!T151 -> RM07 | S23: =IF($Q23>LIMITE_CRITICO,"INVIAVEL - demanda excede a capacidade em 21 h/dia",IF($Q23>LIMITE_ATENCAO,"CRITICO - utilizacao acima de "&TEXT(LIMITE_ATENCAO,"0%"),IF($Q23>LIMITE_CONFORTAVEL,"ATENCAO - utilizacao acima de "&TEXT(LIMITE_CONFORTAVEL,"0%"),"OK - capacidade suficiente"))) -> OK - capacidade suficiente | T23: =AUX_MATRIZES!T152 -> 0.0033037596 | U23: =AUX_MATRIZES!T153 -> TR07 | V23: =IF($T23>LIMITE_CRITICO,"INVIAVEL - demanda excede a capacidade em 21 h/dia",IF($T23>LIMITE_ATENCAO,"CRITICO - utilizacao acima de "&TEXT(LIMITE_ATENCAO,"0%"),IF($T23>LIMITE_CONFORTAVEL,"ATENCAO - utilizacao acima de "&TEXT(LIMITE_CONFORTAVEL,"0%"),"OK - capacidade suficiente"))) -> OK - capacidade suficiente | W23: =AUX_MATRIZES!T161 -> 6872.8524
B24: =SEMANAS!$B$24 -> 19 | C24: =SEMANAS!$C$24 -> 46391 | D24: =SEMANAS!$D$24 -> 46397 | E24: =AUX_MATRIZES!U140 -> 32485.172 | F24: =AUX_MATRIZES!U156*SEMANAS!$K$24 -> 4470818.1 | G24: =IFERROR($E24/$F24,0) -> 0.0072660464 | H24: =MAX(0,$E24-$F24) -> 0 | I24: =AUX_MATRIZES!U158 -> 0 | J24: =AUX_MATRIZES!U160 -> 0 | K24: =IFERROR(MAX(0,$E24/AUX_MATRIZES!U156-SEMANAS!$K$24),0) -> 0 | L24: =IFERROR(MAX(0,$E24/SEMANAS!$K$24-AUX_MATRIZES!U156),0) -> 0 | M24: =IF($G24>LIMITE_CRITICO,"INVIAVEL - demanda excede a capacidade em 21 h/dia",IF($G24>LIMITE_ATENCAO,"CRITICO - utilizacao acima de "&TEXT(LIMITE_ATENCAO,"0%"),IF($G24>LIMITE_CONFORTAVEL,"ATENCAO - utilizacao acima de "&TEXT(LIMITE_CONFORTAVEL,"0%"),"OK - capacidade suficiente"))) -> OK - capacidade suficiente | N24: =AUX_MATRIZES!U148 -> 0.032579186 | O24: =AUX_MATRIZES!U149 -> PV 113 | P24: =IF($N24>LIMITE_CRITICO,"INVIAVEL - demanda excede a capacidade em 21 h/dia",IF($N24>LIMITE_ATENCAO,"CRITICO - utilizacao acima de "&TEXT(LIMITE_ATENCAO,"0%"),IF($N24>LIMITE_CONFORTAVEL,"ATENCAO - utilizacao acima de "&TEXT(LIMITE_CONFORTAVEL,"0%"),"OK - capacidade suficiente"))) -> OK - capacidade suficiente | Q24: =AUX_MATRIZES!U150 -> 0.016921695 | R24: =AUX_MATRIZES!U151 -> RM07 | S24: =IF($Q24>LIMITE_CRITICO,"INVIAVEL - demanda excede a capacidade em 21 h/dia",IF($Q24>LIMITE_ATENCAO,"CRITICO - utilizacao acima de "&TEXT(LIMITE_ATENCAO,"0%"),IF($Q24>LIMITE_CONFORTAVEL,"ATENCAO - utilizacao acima de "&TEXT(LIMITE_CONFORTAVEL,"0%"),"OK - capacidade suficiente"))) -> OK - capacidade suficiente | T24: =AUX_MATRIZES!U152 -> 0.016921695 | U24: =AUX_MATRIZES!U153 -> TR07 | V24: =IF($T24>LIMITE_CRITICO,"INVIAVEL - demanda excede a capacidade em 21 h/dia",IF($T24>LIMITE_ATENCAO,"CRITICO - utilizacao acima de "&TEXT(LIMITE_ATENCAO,"0%"),IF($T24>LIMITE_CONFORTAVEL,"ATENCAO - utilizacao acima de "&TEXT(LIMITE_CONFORTAVEL,"0%"),"OK - capacidade suficiente"))) -> OK - capacidade suficiente | W24: =AUX_MATRIZES!U161 -> 32485.172
B25: =SEMANAS!$B$25 -> 20 | C25: =SEMANAS!$C$25 -> 46398 | D25: =SEMANAS!$D$25 -> 46404 | E25: =AUX_MATRIZES!V140 -> 32345.295 | F25: =AUX_MATRIZES!V156*SEMANAS!$K$25 -> 4470818.1 | G25: =IFERROR($E25/$F25,0) -> 0.0072347598 | H25: =MAX(0,$E25-$F25) -> 0 | I25: =AUX_MATRIZES!V158 -> 0 | J25: =AUX_MATRIZES!V160 -> 0 | K25: =IFERROR(MAX(0,$E25/AUX_MATRIZES!V156-SEMANAS!$K$25),0) -> 0 | L25: =IFERROR(MAX(0,$E25/SEMANAS!$K$25-AUX_MATRIZES!V156),0) -> 0 | M25: =IF($G25>LIMITE_CRITICO,"INVIAVEL - demanda excede a capacidade em 21 h/dia",IF($G25>LIMITE_ATENCAO,"CRITICO - utilizacao acima de "&TEXT(LIMITE_ATENCAO,"0%"),IF($G25>LIMITE_CONFORTAVEL,"ATENCAO - utilizacao acima de "&TEXT(LIMITE_CONFORTAVEL,"0%"),"OK - capacidade suficiente"))) -> OK - capacidade suficiente | N25: =AUX_MATRIZES!V148 -> 0.032066748 | O25: =AUX_MATRIZES!V149 -> PV 113 | P25: =IF($N25>LIMITE_CRITICO,"INVIAVEL - demanda excede a capacidade em 21 h/dia",IF($N25>LIMITE_ATENCAO,"CRITICO - utilizacao acima de "&TEXT(LIMITE_ATENCAO,"0%"),IF($N25>LIMITE_CONFORTAVEL,"ATENCAO - utilizacao acima de "&TEXT(LIMITE_CONFORTAVEL,"0%"),"OK - capacidade suficiente"))) -> OK - capacidade suficiente | Q25: =AUX_MATRIZES!V150 -> 0.016921695 | R25: =AUX_MATRIZES!V151 -> RM07 | S25: =IF($Q25>LIMITE_CRITICO,"INVIAVEL - demanda excede a capacidade em 21 h/dia",IF($Q25>LIMITE_ATENCAO,"CRITICO - utilizacao acima de "&TEXT(LIMITE_ATENCAO,"0%"),IF($Q25>LIMITE_CONFORTAVEL,"ATENCAO - utilizacao acima de "&TEXT(LIMITE_CONFORTAVEL,"0%"),"OK - capacidade suficiente"))) -> OK - capacidade suficiente | T25: =AUX_MATRIZES!V152 -> 0.016921695 | U25: =AUX_MATRIZES!V153 -> TR07 | V25: =IF($T25>LIMITE_CRITICO,"INVIAVEL - demanda excede a capacidade em 21 h/dia",IF($T25>LIMITE_ATENCAO,"CRITICO - utilizacao acima de "&TEXT(LIMITE_ATENCAO,"0%"),IF($T25>LIMITE_CONFORTAVEL,"ATENCAO - utilizacao acima de "&TEXT(LIMITE_CONFORTAVEL,"0%"),"OK - capacidade suficiente"))) -> OK - capacidade suficiente | W25: =AUX_MATRIZES!V161 -> 32345.295
B26: =SEMANAS!$B$26 -> 21 | C26: =SEMANAS!$C$26 -> 46405 | D26: =SEMANAS!$D$26 -> 46411 | E26: =AUX_MATRIZES!W140 -> 8508.7164 | F26: =AUX_MATRIZES!W156*SEMANAS!$K$26 -> 4470818.1 | G26: =IFERROR($E26/$F26,0) -> 0.0019031676 | H26: =MAX(0,$E26-$F26) -> 0 | I26: =AUX_MATRIZES!W158 -> 0 | J26: =AUX_MATRIZES!W160 -> 0 | K26: =IFERROR(MAX(0,$E26/AUX_MATRIZES!W156-SEMANAS!$K$26),0) -> 0 | L26: =IFERROR(MAX(0,$E26/SEMANAS!$K$26-AUX_MATRIZES!W156),0) -> 0 | M26: =IF($G26>LIMITE_CRITICO,"INVIAVEL - demanda excede a capacidade em 21 h/dia",IF($G26>LIMITE_ATENCAO,"CRITICO - utilizacao acima de "&TEXT(LIMITE_ATENCAO,"0%"),IF($G26>LIMITE_CONFORTAVEL,"ATENCAO - utilizacao acima de "&TEXT(LIMITE_CONFORTAVEL,"0%"),"OK - capacidade suficiente"))) -> OK - capacidade suficiente | N26: =AUX_MATRIZES!W148 -> 0.028235294 | O26: =AUX_MATRIZES!W149 -> PV 124 | P26: =IF($N26>LIMITE_CRITICO,"INVIAVEL - demanda excede a capacidade em 21 h/dia",IF($N26>LIMITE_ATENCAO,"CRITICO - utilizacao acima de "&TEXT(LIMITE_ATENCAO,"0%"),IF($N26>LIMITE_CONFORTAVEL,"ATENCAO - utilizacao acima de "&TEXT(LIMITE_CONFORTAVEL,"0%"),"OK - capacidade suficiente"))) -> OK - capacidade suficiente | Q26: =AUX_MATRIZES!W150 -> 0.0069748705 | R26: =AUX_MATRIZES!W151 -> RM07 | S26: =IF($Q26>LIMITE_CRITICO,"INVIAVEL - demanda excede a capacidade em 21 h/dia",IF($Q26>LIMITE_ATENCAO,"CRITICO - utilizacao acima de "&TEXT(LIMITE_ATENCAO,"0%"),IF($Q26>LIMITE_CONFORTAVEL,"ATENCAO - utilizacao acima de "&TEXT(LIMITE_CONFORTAVEL,"0%"),"OK - capacidade suficiente"))) -> OK - capacidade suficiente | T26: =AUX_MATRIZES!W152 -> 0.0069748705 | U26: =AUX_MATRIZES!W153 -> TR07 | V26: =IF($T26>LIMITE_CRITICO,"INVIAVEL - demanda excede a capacidade em 21 h/dia",IF($T26>LIMITE_ATENCAO,"CRITICO - utilizacao acima de "&TEXT(LIMITE_ATENCAO,"0%"),IF($T26>LIMITE_CONFORTAVEL,"ATENCAO - utilizacao acima de "&TEXT(LIMITE_CONFORTAVEL,"0%"),"OK - capacidade suficiente"))) -> OK - capacidade suficiente | W26: =AUX_MATRIZES!W161 -> 8508.7164
B27: =SEMANAS!$B$27 -> 22 | C27: =SEMANAS!$C$27 -> 46412 | D27: =SEMANAS!$D$27 -> 46418 | E27: =AUX_MATRIZES!X140 -> 0 | F27: =AUX_MATRIZES!X156*SEMANAS!$K$27 -> 4470818.1 | G27: =IFERROR($E27/$F27,0) -> 0 | H27: =MAX(0,$E27-$F27) -> 0 | I27: =AUX_MATRIZES!X158 -> 0 | J27: =AUX_MATRIZES!X160 -> 0 | K27: =IFERROR(MAX(0,$E27/AUX_MATRIZES!X156-SEMANAS!$K$27),0) -> 0 | L27: =IFERROR(MAX(0,$E27/SEMANAS!$K$27-AUX_MATRIZES!X156),0) -> 0 | M27: =IF($G27>LIMITE_CRITICO,"INVIAVEL - demanda excede a capacidade em 21 h/dia",IF($G27>LIMITE_ATENCAO,"CRITICO - utilizacao acima de "&TEXT(LIMITE_ATENCAO,"0%"),IF($G27>LIMITE_CONFORTAVEL,"ATENCAO - utilizacao acima de "&TEXT(LIMITE_CONFORTAVEL,"0%"),"OK - capacidade suficiente"))) -> OK - capacidade suficiente | N27: =AUX_MATRIZES!X148 -> 0 | O27: =AUX_MATRIZES!X149 -> PV 109 | P27: =IF($N27>LIMITE_CRITICO,"INVIAVEL - demanda excede a capacidade em 21 h/dia",IF($N27>LIMITE_ATENCAO,"CRITICO - utilizacao acima de "&TEXT(LIMITE_ATENCAO,"0%"),IF($N27>LIMITE_CONFORTAVEL,"ATENCAO - utilizacao acima de "&TEXT(LIMITE_CONFORTAVEL,"0%"),"OK - capacidade suficiente"))) -> OK - capacidade suficiente | Q27: =AUX_MATRIZES!X150 -> 0 | R27: =AUX_MATRIZES!X151 -> RM01 | S27: =IF($Q27>LIMITE_CRITICO,"INVIAVEL - demanda excede a capacidade em 21 h/dia",IF($Q27>LIMITE_ATENCAO,"CRITICO - utilizacao acima de "&TEXT(LIMITE_ATENCAO,"0%"),IF($Q27>LIMITE_CONFORTAVEL,"ATENCAO - utilizacao acima de "&TEXT(LIMITE_CONFORTAVEL,"0%"),"OK - capacidade suficiente"))) -> OK - capacidade suficiente | T27: =AUX_MATRIZES!X152 -> 0 | U27: =AUX_MATRIZES!X153 -> TR01 | V27: =IF($T27>LIMITE_CRITICO,"INVIAVEL - demanda excede a capacidade em 21 h/dia",IF($T27>LIMITE_ATENCAO,"CRITICO - utilizacao acima de "&TEXT(LIMITE_ATENCAO,"0%"),IF($T27>LIMITE_CONFORTAVEL,"ATENCAO - utilizacao acima de "&TEXT(LIMITE_CONFORTAVEL,"0%"),"OK - capacidade suficiente"))) -> OK - capacidade suficiente | W27: =AUX_MATRIZES!X161 -> 2.2e-05
B28: =SEMANAS!$B$28 -> 23 | C28: =SEMANAS!$C$28 -> 46419 | D28: =SEMANAS!$D$28 -> 46425 | E28: =AUX_MATRIZES!Y140 -> 6937.7313 | F28: =AUX_MATRIZES!Y156*SEMANAS!$K$28 -> 4470818.1 | G28: =IFERROR($E28/$F28,0) -> 0.0015517812 | H28: =MAX(0,$E28-$F28) -> 0 | I28: =AUX_MATRIZES!Y158 -> 0 | J28: =AUX_MATRIZES!Y160 -> 0 | K28: =IFERROR(MAX(0,$E28/AUX_MATRIZES!Y156-SEMANAS!$K$28),0) -> 0 | L28: =IFERROR(MAX(0,$E28/SEMANAS!$K$28-AUX_MATRIZES!Y156),0) -> 0 | M28: =IF($G28>LIMITE_CRITICO,"INVIAVEL - demanda excede a capacidade em 21 h/dia",IF($G28>LIMITE_ATENCAO,"CRITICO - utilizacao acima de "&TEXT(LIMITE_ATENCAO,"0%"),IF($G28>LIMITE_CONFORTAVEL,"ATENCAO - utilizacao acima de "&TEXT(LIMITE_CONFORTAVEL,"0%"),"OK - capacidade suficiente"))) -> OK - capacidade suficiente | N28: =AUX_MATRIZES!Y148 -> 0.050588235 | O28: =AUX_MATRIZES!Y149 -> PV 128 | P28: =IF($N28>LIMITE_CRITICO,"INVIAVEL - demanda excede a capacidade em 21 h/dia",IF($N28>LIMITE_ATENCAO,"CRITICO - utilizacao acima de "&TEXT(LIMITE_ATENCAO,"0%"),IF($N28>LIMITE_CONFORTAVEL,"ATENCAO - utilizacao acima de "&TEXT(LIMITE_CONFORTAVEL,"0%"),"OK - capacidade suficiente"))) -> OK - capacidade suficiente | Q28: =AUX_MATRIZES!Y150 -> 0.0069084423 | R28: =AUX_MATRIZES!Y151 -> RM06 | S28: =IF($Q28>LIMITE_CRITICO,"INVIAVEL - demanda excede a capacidade em 21 h/dia",IF($Q28>LIMITE_ATENCAO,"CRITICO - utilizacao acima de "&TEXT(LIMITE_ATENCAO,"0%"),IF($Q28>LIMITE_CONFORTAVEL,"ATENCAO - utilizacao acima de "&TEXT(LIMITE_CONFORTAVEL,"0%"),"OK - capacidade suficiente"))) -> OK - capacidade suficiente | T28: =AUX_MATRIZES!Y152 -> 0.0069084423 | U28: =AUX_MATRIZES!Y153 -> TR06 | V28: =IF($T28>LIMITE_CRITICO,"INVIAVEL - demanda excede a capacidade em 21 h/dia",IF($T28>LIMITE_ATENCAO,"CRITICO - utilizacao acima de "&TEXT(LIMITE_ATENCAO,"0%"),IF($T28>LIMITE_CONFORTAVEL,"ATENCAO - utilizacao acima de "&TEXT(LIMITE_CONFORTAVEL,"0%"),"OK - capacidade suficiente"))) -> OK - capacidade suficiente | W28: =AUX_MATRIZES!Y161 -> 6937.7313
B29: =SEMANAS!$B$29 -> 24 | C29: =SEMANAS!$C$29 -> 46426 | D29: =SEMANAS!$D$29 -> 46432 | E29: =AUX_MATRIZES!Z140 -> 35486.6 | F29: =AUX_MATRIZES!Z156*SEMANAS!$K$29 -> 4470818.1 | G29: =IFERROR($E29/$F29,0) -> 0.007937384 | H29: =MAX(0,$E29-$F29) -> 0 | I29: =AUX_MATRIZES!Z158 -> 0 | J29: =AUX_MATRIZES!Z160 -> 0 | K29: =IFERROR(MAX(0,$E29/AUX_MATRIZES!Z156-SEMANAS!$K$29),0) -> 0 | L29: =IFERROR(MAX(0,$E29/SEMANAS!$K$29-AUX_MATRIZES!Z156),0) -> 0 | M29: =IF($G29>LIMITE_CRITICO,"INVIAVEL - demanda excede a capacidade em 21 h/dia",IF($G29>LIMITE_ATENCAO,"CRITICO - utilizacao acima de "&TEXT(LIMITE_ATENCAO,"0%"),IF($G29>LIMITE_CONFORTAVEL,"ATENCAO - utilizacao acima de "&TEXT(LIMITE_CONFORTAVEL,"0%"),"OK - capacidade suficiente"))) -> OK - capacidade suficiente | N29: =AUX_MATRIZES!Z148 -> 0.050588235 | O29: =AUX_MATRIZES!Z149 -> PV 128 | P29: =IF($N29>LIMITE_CRITICO,"INVIAVEL - demanda excede a capacidade em 21 h/dia",IF($N29>LIMITE_ATENCAO,"CRITICO - utilizacao acima de "&TEXT(LIMITE_ATENCAO,"0%"),IF($N29>LIMITE_CONFORTAVEL,"ATENCAO - utilizacao acima de "&TEXT(LIMITE_CONFORTAVEL,"0%"),"OK - capacidade suficiente"))) -> OK - capacidade suficiente | Q29: =AUX_MATRIZES!Z150 -> 0.017935088 | R29: =AUX_MATRIZES!Z151 -> RM06 | S29: =IF($Q29>LIMITE_CRITICO,"INVIAVEL - demanda excede a capacidade em 21 h/dia",IF($Q29>LIMITE_ATENCAO,"CRITICO - utilizacao acima de "&TEXT(LIMITE_ATENCAO,"0%"),IF($Q29>LIMITE_CONFORTAVEL,"ATENCAO - utilizacao acima de "&TEXT(LIMITE_CONFORTAVEL,"0%"),"OK - capacidade suficiente"))) -> OK - capacidade suficiente | T29: =AUX_MATRIZES!Z152 -> 0.017935088 | U29: =AUX_MATRIZES!Z153 -> TR06 | V29: =IF($T29>LIMITE_CRITICO,"INVIAVEL - demanda excede a capacidade em 21 h/dia",IF($T29>LIMITE_ATENCAO,"CRITICO - utilizacao acima de "&TEXT(LIMITE_ATENCAO,"0%"),IF($T29>LIMITE_CONFORTAVEL,"ATENCAO - utilizacao acima de "&TEXT(LIMITE_CONFORTAVEL,"0%"),"OK - capacidade suficiente"))) -> OK - capacidade suficiente | W29: =AUX_MATRIZES!Z161 -> 35486.6
B30: =SEMANAS!$B$30 -> 25 | C30: =SEMANAS!$C$30 -> 46433 | D30: =SEMANAS!$D$30 -> 46439 | E30: =AUX_MATRIZES!AA140 -> 96920.209 | F30: =AUX_MATRIZES!AA156*SEMANAS!$K$30 -> 4470818.1 | G30: =IFERROR($E30/$F30,0) -> 0.021678406 | H30: =MAX(0,$E30-$F30) -> 0 | I30: =AUX_MATRIZES!AA158 -> 0 | J30: =AUX_MATRIZES!AA160 -> 0 | K30: =IFERROR(MAX(0,$E30/AUX_MATRIZES!AA156-SEMANAS!$K$30),0) -> 0 | L30: =IFERROR(MAX(0,$E30/SEMANAS!$K$30-AUX_MATRIZES!AA156),0) -> 0 | M30: =IF($G30>LIMITE_CRITICO,"INVIAVEL - demanda excede a capacidade em 21 h/dia",IF($G30>LIMITE_ATENCAO,"CRITICO - utilizacao acima de "&TEXT(LIMITE_ATENCAO,"0%"),IF($G30>LIMITE_CONFORTAVEL,"ATENCAO - utilizacao acima de "&TEXT(LIMITE_CONFORTAVEL,"0%"),"OK - capacidade suficiente"))) -> OK - capacidade suficiente | N30: =AUX_MATRIZES!AA148 -> 0.075746606 | O30: =AUX_MATRIZES!AA149 -> PV 115 | P30: =IF($N30>LIMITE_CRITICO,"INVIAVEL - demanda excede a capacidade em 21 h/dia",IF($N30>LIMITE_ATENCAO,"CRITICO - utilizacao acima de "&TEXT(LIMITE_ATENCAO,"0%"),IF($N30>LIMITE_CONFORTAVEL,"ATENCAO - utilizacao acima de "&TEXT(LIMITE_CONFORTAVEL,"0%"),"OK - capacidade suficiente"))) -> OK - capacidade suficiente | Q30: =AUX_MATRIZES!AA150 -> 0.040980207 | R30: =AUX_MATRIZES!AA151 -> RM05 | S30: =IF($Q30>LIMITE_CRITICO,"INVIAVEL - demanda excede a capacidade em 21 h/dia",IF($Q30>LIMITE_ATENCAO,"CRITICO - utilizacao acima de "&TEXT(LIMITE_ATENCAO,"0%"),IF($Q30>LIMITE_CONFORTAVEL,"ATENCAO - utilizacao acima de "&TEXT(LIMITE_CONFORTAVEL,"0%"),"OK - capacidade suficiente"))) -> OK - capacidade suficiente | T30: =AUX_MATRIZES!AA152 -> 0.040980207 | U30: =AUX_MATRIZES!AA153 -> TR05 | V30: =IF($T30>LIMITE_CRITICO,"INVIAVEL - demanda excede a capacidade em 21 h/dia",IF($T30>LIMITE_ATENCAO,"CRITICO - utilizacao acima de "&TEXT(LIMITE_ATENCAO,"0%"),IF($T30>LIMITE_CONFORTAVEL,"ATENCAO - utilizacao acima de "&TEXT(LIMITE_CONFORTAVEL,"0%"),"OK - capacidade suficiente"))) -> OK - capacidade suficiente | W30: =AUX_MATRIZES!AA161 -> 96920.209
B31: =SEMANAS!$B$31 -> 26 | C31: =SEMANAS!$C$31 -> 46440 | D31: =SEMANAS!$D$31 -> 46446 | E31: =AUX_MATRIZES!AB140 -> 118114.44 | F31: =AUX_MATRIZES!AB156*SEMANAS!$K$31 -> 4470818.1 | G31: =IFERROR($E31/$F31,0) -> 0.026418976 | H31: =MAX(0,$E31-$F31) -> 0 | I31: =AUX_MATRIZES!AB158 -> 0 | J31: =AUX_MATRIZES!AB160 -> 0 | K31: =IFERROR(MAX(0,$E31/AUX_MATRIZES!AB156-SEMANAS!$K$31),0) -> 0 | L31: =IFERROR(MAX(0,$E31/SEMANAS!$K$31-AUX_MATRIZES!AB156),0) -> 0 | M31: =IF($G31>LIMITE_CRITICO,"INVIAVEL - demanda excede a capacidade em 21 h/dia",IF($G31>LIMITE_ATENCAO,"CRITICO - utilizacao acima de "&TEXT(LIMITE_ATENCAO,"0%"),IF($G31>LIMITE_CONFORTAVEL,"ATENCAO - utilizacao acima de "&TEXT(LIMITE_CONFORTAVEL,"0%"),"OK - capacidade suficiente"))) -> OK - capacidade suficiente | N31: =AUX_MATRIZES!AB148 -> 0.075746606 | O31: =AUX_MATRIZES!AB149 -> PV 115 | P31: =IF($N31>LIMITE_CRITICO,"INVIAVEL - demanda excede a capacidade em 21 h/dia",IF($N31>LIMITE_ATENCAO,"CRITICO - utilizacao acima de "&TEXT(LIMITE_ATENCAO,"0%"),IF($N31>LIMITE_CONFORTAVEL,"ATENCAO - utilizacao acima de "&TEXT(LIMITE_CONFORTAVEL,"0%"),"OK - capacidade suficiente"))) -> OK - capacidade suficiente | Q31: =AUX_MATRIZES!AB150 -> 0.042262487 | R31: =AUX_MATRIZES!AB151 -> RM05 | S31: =IF($Q31>LIMITE_CRITICO,"INVIAVEL - demanda excede a capacidade em 21 h/dia",IF($Q31>LIMITE_ATENCAO,"CRITICO - utilizacao acima de "&TEXT(LIMITE_ATENCAO,"0%"),IF($Q31>LIMITE_CONFORTAVEL,"ATENCAO - utilizacao acima de "&TEXT(LIMITE_CONFORTAVEL,"0%"),"OK - capacidade suficiente"))) -> OK - capacidade suficiente | T31: =AUX_MATRIZES!AB152 -> 0.042262487 | U31: =AUX_MATRIZES!AB153 -> TR05 | V31: =IF($T31>LIMITE_CRITICO,"INVIAVEL - demanda excede a capacidade em 21 h/dia",IF($T31>LIMITE_ATENCAO,"CRITICO - utilizacao acima de "&TEXT(LIMITE_ATENCAO,"0%"),IF($T31>LIMITE_CONFORTAVEL,"ATENCAO - utilizacao acima de "&TEXT(LIMITE_CONFORTAVEL,"0%"),"OK - capacidade suficiente"))) -> OK - capacidade suficiente | W31: =AUX_MATRIZES!AB161 -> 118114.44
B32: =SEMANAS!$B$32 -> 27 | C32: =SEMANAS!$C$32 -> 46447 | D32: =SEMANAS!$D$32 -> 46453 | E32: =AUX_MATRIZES!AC140 -> 158242.33 | F32: =AUX_MATRIZES!AC156*SEMANAS!$K$32 -> 4470818.1 | G32: =IFERROR($E32/$F32,0) -> 0.035394492 | H32: =MAX(0,$E32-$F32) -> 0 | I32: =AUX_MATRIZES!AC158 -> 0 | J32: =AUX_MATRIZES!AC160 -> 0 | K32: =IFERROR(MAX(0,$E32/AUX_MATRIZES!AC156-SEMANAS!$K$32),0) -> 0 | L32: =IFERROR(MAX(0,$E32/SEMANAS!$K$32-AUX_MATRIZES!AC156),0) -> 0 | M32: =IF($G32>LIMITE_CRITICO,"INVIAVEL - demanda excede a capacidade em 21 h/dia",IF($G32>LIMITE_ATENCAO,"CRITICO - utilizacao acima de "&TEXT(LIMITE_ATENCAO,"0%"),IF($G32>LIMITE_CONFORTAVEL,"ATENCAO - utilizacao acima de "&TEXT(LIMITE_CONFORTAVEL,"0%"),"OK - capacidade suficiente"))) -> OK - capacidade suficiente | N32: =AUX_MATRIZES!AC148 -> 0.093574661 | O32: =AUX_MATRIZES!AC149 -> PV 115 | P32: =IF($N32>LIMITE_CRITICO,"INVIAVEL - demanda excede a capacidade em 21 h/dia",IF($N32>LIMITE_ATENCAO,"CRITICO - utilizacao acima de "&TEXT(LIMITE_ATENCAO,"0%"),IF($N32>LIMITE_CONFORTAVEL,"ATENCAO - utilizacao acima de "&TEXT(LIMITE_CONFORTAVEL,"0%"),"OK - capacidade suficiente"))) -> OK - capacidade suficiente | Q32: =AUX_MATRIZES!AC150 -> 0.055257234 | R32: =AUX_MATRIZES!AC151 -> RM06 | S32: =IF($Q32>LIMITE_CRITICO,"INVIAVEL - demanda excede a capacidade em 21 h/dia",IF($Q32>LIMITE_ATENCAO,"CRITICO - utilizacao acima de "&TEXT(LIMITE_ATENCAO,"0%"),IF($Q32>LIMITE_CONFORTAVEL,"ATENCAO - utilizacao acima de "&TEXT(LIMITE_CONFORTAVEL,"0%"),"OK - capacidade suficiente"))) -> OK - capacidade suficiente | T32: =AUX_MATRIZES!AC152 -> 0.055257234 | U32: =AUX_MATRIZES!AC153 -> TR06 | V32: =IF($T32>LIMITE_CRITICO,"INVIAVEL - demanda excede a capacidade em 21 h/dia",IF($T32>LIMITE_ATENCAO,"CRITICO - utilizacao acima de "&TEXT(LIMITE_ATENCAO,"0%"),IF($T32>LIMITE_CONFORTAVEL,"ATENCAO - utilizacao acima de "&TEXT(LIMITE_CONFORTAVEL,"0%"),"OK - capacidade suficiente"))) -> OK - capacidade suficiente | W32: =AUX_MATRIZES!AC161 -> 158242.33
B33: =SEMANAS!$B$33 -> 28 | C33: =SEMANAS!$C$33 -> 46454 | D33: =SEMANAS!$D$33 -> 46460 | E33: =AUX_MATRIZES!AD140 -> 166060.2 | F33: =AUX_MATRIZES!AD156*SEMANAS!$K$33 -> 4470818.1 | G33: =IFERROR($E33/$F33,0) -> 0.037143136 | H33: =MAX(0,$E33-$F33) -> 0 | I33: =AUX_MATRIZES!AD158 -> 0 | J33: =AUX_MATRIZES!AD160 -> 0 | K33: =IFERROR(MAX(0,$E33/AUX_MATRIZES!AD156-SEMANAS!$K$33),0) -> 0 | L33: =IFERROR(MAX(0,$E33/SEMANAS!$K$33-AUX_MATRIZES!AD156),0) -> 0 | M33: =IF($G33>LIMITE_CRITICO,"INVIAVEL - demanda excede a capacidade em 21 h/dia",IF($G33>LIMITE_ATENCAO,"CRITICO - utilizacao acima de "&TEXT(LIMITE_ATENCAO,"0%"),IF($G33>LIMITE_CONFORTAVEL,"ATENCAO - utilizacao acima de "&TEXT(LIMITE_CONFORTAVEL,"0%"),"OK - capacidade suficiente"))) -> OK - capacidade suficiente | N33: =AUX_MATRIZES!AD148 -> 0.093574661 | O33: =AUX_MATRIZES!AD149 -> PV 115 | P33: =IF($N33>LIMITE_CRITICO,"INVIAVEL - demanda excede a capacidade em 21 h/dia",IF($N33>LIMITE_ATENCAO,"CRITICO - utilizacao acima de "&TEXT(LIMITE_ATENCAO,"0%"),IF($N33>LIMITE_CONFORTAVEL,"ATENCAO - utilizacao acima de "&TEXT(LIMITE_CONFORTAVEL,"0%"),"OK - capacidade suficiente"))) -> OK - capacidade suficiente | Q33: =AUX_MATRIZES!AD150 -> 0.063042101 | R33: =AUX_MATRIZES!AD151 -> RM06 | S33: =IF($Q33>LIMITE_CRITICO,"INVIAVEL - demanda excede a capacidade em 21 h/dia",IF($Q33>LIMITE_ATENCAO,"CRITICO - utilizacao acima de "&TEXT(LIMITE_ATENCAO,"0%"),IF($Q33>LIMITE_CONFORTAVEL,"ATENCAO - utilizacao acima de "&TEXT(LIMITE_CONFORTAVEL,"0%"),"OK - capacidade suficiente"))) -> OK - capacidade suficiente | T33: =AUX_MATRIZES!AD152 -> 0.063042101 | U33: =AUX_MATRIZES!AD153 -> TR06 | V33: =IF($T33>LIMITE_CRITICO,"INVIAVEL - demanda excede a capacidade em 21 h/dia",IF($T33>LIMITE_ATENCAO,"CRITICO - utilizacao acima de "&TEXT(LIMITE_ATENCAO,"0%"),IF($T33>LIMITE_CONFORTAVEL,"ATENCAO - utilizacao acima de "&TEXT(LIMITE_CONFORTAVEL,"0%"),"OK - capacidade suficiente"))) -> OK - capacidade suficiente | W33: =AUX_MATRIZES!AD161 -> 166060.2
B34: =SEMANAS!$B$34 -> 29 | C34: =SEMANAS!$C$34 -> 46461 | D34: =SEMANAS!$D$34 -> 46467 | E34: =AUX_MATRIZES!AE140 -> 171503.74 | F34: =AUX_MATRIZES!AE156*SEMANAS!$K$34 -> 4470818.1 | G34: =IFERROR($E34/$F34,0) -> 0.038360706 | H34: =MAX(0,$E34-$F34) -> 0 | I34: =AUX_MATRIZES!AE158 -> 0 | J34: =AUX_MATRIZES!AE160 -> 0 | K34: =IFERROR(MAX(0,$E34/AUX_MATRIZES!AE156-SEMANAS!$K$34),0) -> 0 | L34: =IFERROR(MAX(0,$E34/SEMANAS!$K$34-AUX_MATRIZES!AE156),0) -> 0 | M34: =IF($G34>LIMITE_CRITICO,"INVIAVEL - demanda excede a capacidade em 21 h/dia",IF($G34>LIMITE_ATENCAO,"CRITICO - utilizacao acima de "&TEXT(LIMITE_ATENCAO,"0%"),IF($G34>LIMITE_CONFORTAVEL,"ATENCAO - utilizacao acima de "&TEXT(LIMITE_CONFORTAVEL,"0%"),"OK - capacidade suficiente"))) -> OK - capacidade suficiente | N34: =AUX_MATRIZES!AE148 -> 0.093574661 | O34: =AUX_MATRIZES!AE149 -> PV 115 | P34: =IF($N34>LIMITE_CRITICO,"INVIAVEL - demanda excede a capacidade em 21 h/dia",IF($N34>LIMITE_ATENCAO,"CRITICO - utilizacao acima de "&TEXT(LIMITE_ATENCAO,"0%"),IF($N34>LIMITE_CONFORTAVEL,"ATENCAO - utilizacao acima de "&TEXT(LIMITE_CONFORTAVEL,"0%"),"OK - capacidade suficiente"))) -> OK - capacidade suficiente | Q34: =AUX_MATRIZES!AE150 -> 0.065536286 | R34: =AUX_MATRIZES!AE151 -> RM06 | S34: =IF($Q34>LIMITE_CRITICO,"INVIAVEL - demanda excede a capacidade em 21 h/dia",IF($Q34>LIMITE_ATENCAO,"CRITICO - utilizacao acima de "&TEXT(LIMITE_ATENCAO,"0%"),IF($Q34>LIMITE_CONFORTAVEL,"ATENCAO - utilizacao acima de "&TEXT(LIMITE_CONFORTAVEL,"0%"),"OK - capacidade suficiente"))) -> OK - capacidade suficiente | T34: =AUX_MATRIZES!AE152 -> 0.065536286 | U34: =AUX_MATRIZES!AE153 -> TR06 | V34: =IF($T34>LIMITE_CRITICO,"INVIAVEL - demanda excede a capacidade em 21 h/dia",IF($T34>LIMITE_ATENCAO,"CRITICO - utilizacao acima de "&TEXT(LIMITE_ATENCAO,"0%"),IF($T34>LIMITE_CONFORTAVEL,"ATENCAO - utilizacao acima de "&TEXT(LIMITE_CONFORTAVEL,"0%"),"OK - capacidade suficiente"))) -> OK - capacidade suficiente | W34: =AUX_MATRIZES!AE161 -> 171503.74
B35: =SEMANAS!$B$35 -> 30 | C35: =SEMANAS!$C$35 -> 46468 | D35: =SEMANAS!$D$35 -> 46474 | E35: =AUX_MATRIZES!AF140 -> 175725.07 | F35: =AUX_MATRIZES!AF156*SEMANAS!$K$35 -> 4470818.1 | G35: =IFERROR($E35/$F35,0) -> 0.039304902 | H35: =MAX(0,$E35-$F35) -> 0 | I35: =AUX_MATRIZES!AF158 -> 0 | J35: =AUX_MATRIZES!AF160 -> 0 | K35: =IFERROR(MAX(0,$E35/AUX_MATRIZES!AF156-SEMANAS!$K$35),0) -> 0 | L35: =IFERROR(MAX(0,$E35/SEMANAS!$K$35-AUX_MATRIZES!AF156),0) -> 0 | M35: =IF($G35>LIMITE_CRITICO,"INVIAVEL - demanda excede a capacidade em 21 h/dia",IF($G35>LIMITE_ATENCAO,"CRITICO - utilizacao acima de "&TEXT(LIMITE_ATENCAO,"0%"),IF($G35>LIMITE_CONFORTAVEL,"ATENCAO - utilizacao acima de "&TEXT(LIMITE_CONFORTAVEL,"0%"),"OK - capacidade suficiente"))) -> OK - capacidade suficiente | N35: =AUX_MATRIZES!AF148 -> 0.093574661 | O35: =AUX_MATRIZES!AF149 -> PV 115 | P35: =IF($N35>LIMITE_CRITICO,"INVIAVEL - demanda excede a capacidade em 21 h/dia",IF($N35>LIMITE_ATENCAO,"CRITICO - utilizacao acima de "&TEXT(LIMITE_ATENCAO,"0%"),IF($N35>LIMITE_CONFORTAVEL,"ATENCAO - utilizacao acima de "&TEXT(LIMITE_CONFORTAVEL,"0%"),"OK - capacidade suficiente"))) -> OK - capacidade suficiente | Q35: =AUX_MATRIZES!AF150 -> 0.063061813 | R35: =AUX_MATRIZES!AF151 -> RM06 | S35: =IF($Q35>LIMITE_CRITICO,"INVIAVEL - demanda excede a capacidade em 21 h/dia",IF($Q35>LIMITE_ATENCAO,"CRITICO - utilizacao acima de "&TEXT(LIMITE_ATENCAO,"0%"),IF($Q35>LIMITE_CONFORTAVEL,"ATENCAO - utilizacao acima de "&TEXT(LIMITE_CONFORTAVEL,"0%"),"OK - capacidade suficiente"))) -> OK - capacidade suficiente | T35: =AUX_MATRIZES!AF152 -> 0.063061813 | U35: =AUX_MATRIZES!AF153 -> TR06 | V35: =IF($T35>LIMITE_CRITICO,"INVIAVEL - demanda excede a capacidade em 21 h/dia",IF($T35>LIMITE_ATENCAO,"CRITICO - utilizacao acima de "&TEXT(LIMITE_ATENCAO,"0%"),IF($T35>LIMITE_CONFORTAVEL,"ATENCAO - utilizacao acima de "&TEXT(LIMITE_CONFORTAVEL,"0%"),"OK - capacidade suficiente"))) -> OK - capacidade suficiente | W35: =AUX_MATRIZES!AF161 -> 175725.07
B36: =SEMANAS!$B$36 -> 31 | C36: =SEMANAS!$C$36 -> 46475 | D36: =SEMANAS!$D$36 -> 46481 | E36: =AUX_MATRIZES!AG140 -> 474530.8 | F36: =AUX_MATRIZES!AG156*SEMANAS!$K$36 -> 4470818.1 | G36: =IFERROR($E36/$F36,0) -> 0.10613959 | H36: =MAX(0,$E36-$F36) -> 0 | I36: =AUX_MATRIZES!AG158 -> 0 | J36: =AUX_MATRIZES!AG160 -> 0 | K36: =IFERROR(MAX(0,$E36/AUX_MATRIZES!AG156-SEMANAS!$K$36),0) -> 0 | L36: =IFERROR(MAX(0,$E36/SEMANAS!$K$36-AUX_MATRIZES!AG156),0) -> 0 | M36: =IF($G36>LIMITE_CRITICO,"INVIAVEL - demanda excede a capacidade em 21 h/dia",IF($G36>LIMITE_ATENCAO,"CRITICO - utilizacao acima de "&TEXT(LIMITE_ATENCAO,"0%"),IF($G36>LIMITE_CONFORTAVEL,"ATENCAO - utilizacao acima de "&TEXT(LIMITE_CONFORTAVEL,"0%"),"OK - capacidade suficiente"))) -> OK - capacidade suficiente | N36: =AUX_MATRIZES!AG148 -> 0.21132515 | O36: =AUX_MATRIZES!AG149 -> PV 115 | P36: =IF($N36>LIMITE_CRITICO,"INVIAVEL - demanda excede a capacidade em 21 h/dia",IF($N36>LIMITE_ATENCAO,"CRITICO - utilizacao acima de "&TEXT(LIMITE_ATENCAO,"0%"),IF($N36>LIMITE_CONFORTAVEL,"ATENCAO - utilizacao acima de "&TEXT(LIMITE_CONFORTAVEL,"0%"),"OK - capacidade suficiente"))) -> OK - capacidade suficiente | Q36: =AUX_MATRIZES!AG150 -> 0.15773977 | R36: =AUX_MATRIZES!AG151 -> RM06 | S36: =IF($Q36>LIMITE_CRITICO,"INVIAVEL - demanda excede a capacidade em 21 h/dia",IF($Q36>LIMITE_ATENCAO,"CRITICO - utilizacao acima de "&TEXT(LIMITE_ATENCAO,"0%"),IF($Q36>LIMITE_CONFORTAVEL,"ATENCAO - utilizacao acima de "&TEXT(LIMITE_CONFORTAVEL,"0%"),"OK - capacidade suficiente"))) -> OK - capacidade suficiente | T36: =AUX_MATRIZES!AG152 -> 0.15773977 | U36: =AUX_MATRIZES!AG153 -> TR06 | V36: =IF($T36>LIMITE_CRITICO,"INVIAVEL - demanda excede a capacidade em 21 h/dia",IF($T36>LIMITE_ATENCAO,"CRITICO - utilizacao acima de "&TEXT(LIMITE_ATENCAO,"0%"),IF($T36>LIMITE_CONFORTAVEL,"ATENCAO - utilizacao acima de "&TEXT(LIMITE_CONFORTAVEL,"0%"),"OK - capacidade suficiente"))) -> OK - capacidade suficiente | W36: =AUX_MATRIZES!AG161 -> 474530.8
B37: =SEMANAS!$B$37 -> 32 | C37: =SEMANAS!$C$37 -> 46482 | D37: =SEMANAS!$D$37 -> 46488 | E37: =AUX_MATRIZES!AH140 -> 823195.66 | F37: =AUX_MATRIZES!AH156*SEMANAS!$K$37 -> 4470818.1 | G37: =IFERROR($E37/$F37,0) -> 0.1841264 | H37: =MAX(0,$E37-$F37) -> 0 | I37: =AUX_MATRIZES!AH158 -> 0 | J37: =AUX_MATRIZES!AH160 -> 0 | K37: =IFERROR(MAX(0,$E37/AUX_MATRIZES!AH156-SEMANAS!$K$37),0) -> 0 | L37: =IFERROR(MAX(0,$E37/SEMANAS!$K$37-AUX_MATRIZES!AH156),0) -> 0 | M37: =IF($G37>LIMITE_CRITICO,"INVIAVEL - demanda excede a capacidade em 21 h/dia",IF($G37>LIMITE_ATENCAO,"CRITICO - utilizacao acima de "&TEXT(LIMITE_ATENCAO,"0%"),IF($G37>LIMITE_CONFORTAVEL,"ATENCAO - utilizacao acima de "&TEXT(LIMITE_CONFORTAVEL,"0%"),"OK - capacidade suficiente"))) -> OK - capacidade suficiente | N37: =AUX_MATRIZES!AH148 -> 0.29963801 | O37: =AUX_MATRIZES!AH149 -> PV 115 | P37: =IF($N37>LIMITE_CRITICO,"INVIAVEL - demanda excede a capacidade em 21 h/dia",IF($N37>LIMITE_ATENCAO,"CRITICO - utilizacao acima de "&TEXT(LIMITE_ATENCAO,"0%"),IF($N37>LIMITE_CONFORTAVEL,"ATENCAO - utilizacao acima de "&TEXT(LIMITE_CONFORTAVEL,"0%"),"OK - capacidade suficiente"))) -> OK - capacidade suficiente | Q37: =AUX_MATRIZES!AH150 -> 0.23868841 | R37: =AUX_MATRIZES!AH151 -> RM06 | S37: =IF($Q37>LIMITE_CRITICO,"INVIAVEL - demanda excede a capacidade em 21 h/dia",IF($Q37>LIMITE_ATENCAO,"CRITICO - utilizacao acima de "&TEXT(LIMITE_ATENCAO,"0%"),IF($Q37>LIMITE_CONFORTAVEL,"ATENCAO - utilizacao acima de "&TEXT(LIMITE_CONFORTAVEL,"0%"),"OK - capacidade suficiente"))) -> OK - capacidade suficiente | T37: =AUX_MATRIZES!AH152 -> 0.23868841 | U37: =AUX_MATRIZES!AH153 -> TR06 | V37: =IF($T37>LIMITE_CRITICO,"INVIAVEL - demanda excede a capacidade em 21 h/dia",IF($T37>LIMITE_ATENCAO,"CRITICO - utilizacao acima de "&TEXT(LIMITE_ATENCAO,"0%"),IF($T37>LIMITE_CONFORTAVEL,"ATENCAO - utilizacao acima de "&TEXT(LIMITE_CONFORTAVEL,"0%"),"OK - capacidade suficiente"))) -> OK - capacidade suficiente | W37: =AUX_MATRIZES!AH161 -> 823195.66
B38: =SEMANAS!$B$38 -> 33 | C38: =SEMANAS!$C$38 -> 46489 | D38: =SEMANAS!$D$38 -> 46495 | E38: =AUX_MATRIZES!AI140 -> 877936.51 | F38: =AUX_MATRIZES!AI156*SEMANAS!$K$38 -> 4470818.1 | G38: =IFERROR($E38/$F38,0) -> 0.19637044 | H38: =MAX(0,$E38-$F38) -> 0 | I38: =AUX_MATRIZES!AI158 -> 0 | J38: =AUX_MATRIZES!AI160 -> 0 | K38: =IFERROR(MAX(0,$E38/AUX_MATRIZES!AI156-SEMANAS!$K$38),0) -> 0 | L38: =IFERROR(MAX(0,$E38/SEMANAS!$K$38-AUX_MATRIZES!AI156),0) -> 0 | M38: =IF($G38>LIMITE_CRITICO,"INVIAVEL - demanda excede a capacidade em 21 h/dia",IF($G38>LIMITE_ATENCAO,"CRITICO - utilizacao acima de "&TEXT(LIMITE_ATENCAO,"0%"),IF($G38>LIMITE_CONFORTAVEL,"ATENCAO - utilizacao acima de "&TEXT(LIMITE_CONFORTAVEL,"0%"),"OK - capacidade suficiente"))) -> OK - capacidade suficiente | N38: =AUX_MATRIZES!AI148 -> 0.29963801 | O38: =AUX_MATRIZES!AI149 -> PV 115 | P38: =IF($N38>LIMITE_CRITICO,"INVIAVEL - demanda excede a capacidade em 21 h/dia",IF($N38>LIMITE_ATENCAO,"CRITICO - utilizacao acima de "&TEXT(LIMITE_ATENCAO,"0%"),IF($N38>LIMITE_CONFORTAVEL,"ATENCAO - utilizacao acima de "&TEXT(LIMITE_CONFORTAVEL,"0%"),"OK - capacidade suficiente"))) -> OK - capacidade suficiente | Q38: =AUX_MATRIZES!AI150 -> 0.24049774 | R38: =AUX_MATRIZES!AI151 -> RM06 | S38: =IF($Q38>LIMITE_CRITICO,"INVIAVEL - demanda excede a capacidade em 21 h/dia",IF($Q38>LIMITE_ATENCAO,"CRITICO - utilizacao acima de "&TEXT(LIMITE_ATENCAO,"0%"),IF($Q38>LIMITE_CONFORTAVEL,"ATENCAO - utilizacao acima de "&TEXT(LIMITE_CONFORTAVEL,"0%"),"OK - capacidade suficiente"))) -> OK - capacidade suficiente | T38: =AUX_MATRIZES!AI152 -> 0.24049774 | U38: =AUX_MATRIZES!AI153 -> TR06 | V38: =IF($T38>LIMITE_CRITICO,"INVIAVEL - demanda excede a capacidade em 21 h/dia",IF($T38>LIMITE_ATENCAO,"CRITICO - utilizacao acima de "&TEXT(LIMITE_ATENCAO,"0%"),IF($T38>LIMITE_CONFORTAVEL,"ATENCAO - utilizacao acima de "&TEXT(LIMITE_CONFORTAVEL,"0%"),"OK - capacidade suficiente"))) -> OK - capacidade suficiente | W38: =AUX_MATRIZES!AI161 -> 877936.51
B39: =SEMANAS!$B$39 -> 34 | C39: =SEMANAS!$C$39 -> 46496 | D39: =SEMANAS!$D$39 -> 46502 | E39: =AUX_MATRIZES!AJ140 -> 916621.27 | F39: =AUX_MATRIZES!AJ156*SEMANAS!$K$39 -> 4470818.1 | G39: =IFERROR($E39/$F39,0) -> 0.20502316 | H39: =MAX(0,$E39-$F39) -> 0 | I39: =AUX_MATRIZES!AJ158 -> 0 | J39: =AUX_MATRIZES!AJ160 -> 0 | K39: =IFERROR(MAX(0,$E39/AUX_MATRIZES!AJ156-SEMANAS!$K$39),0) -> 0 | L39: =IFERROR(MAX(0,$E39/SEMANAS!$K$39-AUX_MATRIZES!AJ156),0) -> 0 | M39: =IF($G39>LIMITE_CRITICO,"INVIAVEL - demanda excede a capacidade em 21 h/dia",IF($G39>LIMITE_ATENCAO,"CRITICO - utilizacao acima de "&TEXT(LIMITE_ATENCAO,"0%"),IF($G39>LIMITE_CONFORTAVEL,"ATENCAO - utilizacao acima de "&TEXT(LIMITE_CONFORTAVEL,"0%"),"OK - capacidade suficiente"))) -> OK - capacidade suficiente | N39: =AUX_MATRIZES!AJ148 -> 0.2889722 | O39: =AUX_MATRIZES!AJ149 -> PV 115 | P39: =IF($N39>LIMITE_CRITICO,"INVIAVEL - demanda excede a capacidade em 21 h/dia",IF($N39>LIMITE_ATENCAO,"CRITICO - utilizacao acima de "&TEXT(LIMITE_ATENCAO,"0%"),IF($N39>LIMITE_CONFORTAVEL,"ATENCAO - utilizacao acima de "&TEXT(LIMITE_CONFORTAVEL,"0%"),"OK - capacidade suficiente"))) -> OK - capacidade suficiente | Q39: =AUX_MATRIZES!AJ150 -> 0.25287518 | R39: =AUX_MATRIZES!AJ151 -> RM04 | S39: =IF($Q39>LIMITE_CRITICO,"INVIAVEL - demanda excede a capacidade em 21 h/dia",IF($Q39>LIMITE_ATENCAO,"CRITICO - utilizacao acima de "&TEXT(LIMITE_ATENCAO,"0%"),IF($Q39>LIMITE_CONFORTAVEL,"ATENCAO - utilizacao acima de "&TEXT(LIMITE_CONFORTAVEL,"0%"),"OK - capacidade suficiente"))) -> OK - capacidade suficiente | T39: =AUX_MATRIZES!AJ152 -> 0.25287518 | U39: =AUX_MATRIZES!AJ153 -> TR04 | V39: =IF($T39>LIMITE_CRITICO,"INVIAVEL - demanda excede a capacidade em 21 h/dia",IF($T39>LIMITE_ATENCAO,"CRITICO - utilizacao acima de "&TEXT(LIMITE_ATENCAO,"0%"),IF($T39>LIMITE_CONFORTAVEL,"ATENCAO - utilizacao acima de "&TEXT(LIMITE_CONFORTAVEL,"0%"),"OK - capacidade suficiente"))) -> OK - capacidade suficiente | W39: =AUX_MATRIZES!AJ161 -> 916621.27
B40: =SEMANAS!$B$40 -> 35 | C40: =SEMANAS!$C$40 -> 46503 | D40: =SEMANAS!$D$40 -> 46509 | E40: =AUX_MATRIZES!AK140 -> 990112.83 | F40: =AUX_MATRIZES!AK156*SEMANAS!$K$40 -> 4470818.1 | G40: =IFERROR($E40/$F40,0) -> 0.22146122 | H40: =MAX(0,$E40-$F40) -> 0 | I40: =AUX_MATRIZES!AK158 -> 0 | J40: =AUX_MATRIZES!AK160 -> 0 | K40: =IFERROR(MAX(0,$E40/AUX_MATRIZES!AK156-SEMANAS!$K$40),0) -> 0 | L40: =IFERROR(MAX(0,$E40/SEMANAS!$K$40-AUX_MATRIZES!AK156),0) -> 0 | M40: =IF($G40>LIMITE_CRITICO,"INVIAVEL - demanda excede a capacidade em 21 h/dia",IF($G40>LIMITE_ATENCAO,"CRITICO - utilizacao acima de "&TEXT(LIMITE_ATENCAO,"0%"),IF($G40>LIMITE_CONFORTAVEL,"ATENCAO - utilizacao acima de "&TEXT(LIMITE_CONFORTAVEL,"0%"),"OK - capacidade suficiente"))) -> OK - capacidade suficiente | N40: =AUX_MATRIZES!AK148 -> 0.30419579 | O40: =AUX_MATRIZES!AK149 -> PV 118 | P40: =IF($N40>LIMITE_CRITICO,"INVIAVEL - demanda excede a capacidade em 21 h/dia",IF($N40>LIMITE_ATENCAO,"CRITICO - utilizacao acima de "&TEXT(LIMITE_ATENCAO,"0%"),IF($N40>LIMITE_CONFORTAVEL,"ATENCAO - utilizacao acima de "&TEXT(LIMITE_CONFORTAVEL,"0%"),"OK - capacidade suficiente"))) -> OK - capacidade suficiente | Q40: =AUX_MATRIZES!AK150 -> 0.28512045 | R40: =AUX_MATRIZES!AK151 -> RM01 | S40: =IF($Q40>LIMITE_CRITICO,"INVIAVEL - demanda excede a capacidade em 21 h/dia",IF($Q40>LIMITE_ATENCAO,"CRITICO - utilizacao acima de "&TEXT(LIMITE_ATENCAO,"0%"),IF($Q40>LIMITE_CONFORTAVEL,"ATENCAO - utilizacao acima de "&TEXT(LIMITE_CONFORTAVEL,"0%"),"OK - capacidade suficiente"))) -> OK - capacidade suficiente | T40: =AUX_MATRIZES!AK152 -> 0.28512045 | U40: =AUX_MATRIZES!AK153 -> TR01 | V40: =IF($T40>LIMITE_CRITICO,"INVIAVEL - demanda excede a capacidade em 21 h/dia",IF($T40>LIMITE_ATENCAO,"CRITICO - utilizacao acima de "&TEXT(LIMITE_ATENCAO,"0%"),IF($T40>LIMITE_CONFORTAVEL,"ATENCAO - utilizacao acima de "&TEXT(LIMITE_CONFORTAVEL,"0%"),"OK - capacidade suficiente"))) -> OK - capacidade suficiente | W40: =AUX_MATRIZES!AK161 -> 990112.83
B41: =SEMANAS!$B$41 -> 36 | C41: =SEMANAS!$C$41 -> 46510 | D41: =SEMANAS!$D$41 -> 46516 | E41: =AUX_MATRIZES!AL140 -> 1196823.5 | F41: =AUX_MATRIZES!AL156*SEMANAS!$K$41 -> 4470818.1 | G41: =IFERROR($E41/$F41,0) -> 0.26769677 | H41: =MAX(0,$E41-$F41) -> 0 | I41: =AUX_MATRIZES!AL158 -> 0 | J41: =AUX_MATRIZES!AL160 -> 0 | K41: =IFERROR(MAX(0,$E41/AUX_MATRIZES!AL156-SEMANAS!$K$41),0) -> 0 | L41: =IFERROR(MAX(0,$E41/SEMANAS!$K$41-AUX_MATRIZES!AL156),0) -> 0 | M41: =IF($G41>LIMITE_CRITICO,"INVIAVEL - demanda excede a capacidade em 21 h/dia",IF($G41>LIMITE_ATENCAO,"CRITICO - utilizacao acima de "&TEXT(LIMITE_ATENCAO,"0%"),IF($G41>LIMITE_CONFORTAVEL,"ATENCAO - utilizacao acima de "&TEXT(LIMITE_CONFORTAVEL,"0%"),"OK - capacidade suficiente"))) -> OK - capacidade suficiente | N41: =AUX_MATRIZES!AL148 -> 0.36095023 | O41: =AUX_MATRIZES!AL149 -> PV 118 | P41: =IF($N41>LIMITE_CRITICO,"INVIAVEL - demanda excede a capacidade em 21 h/dia",IF($N41>LIMITE_ATENCAO,"CRITICO - utilizacao acima de "&TEXT(LIMITE_ATENCAO,"0%"),IF($N41>LIMITE_CONFORTAVEL,"ATENCAO - utilizacao acima de "&TEXT(LIMITE_CONFORTAVEL,"0%"),"OK - capacidade suficiente"))) -> OK - capacidade suficiente | Q41: =AUX_MATRIZES!AL150 -> 0.34870588 | R41: =AUX_MATRIZES!AL151 -> RM01 | S41: =IF($Q41>LIMITE_CRITICO,"INVIAVEL - demanda excede a capacidade em 21 h/dia",IF($Q41>LIMITE_ATENCAO,"CRITICO - utilizacao acima de "&TEXT(LIMITE_ATENCAO,"0%"),IF($Q41>LIMITE_CONFORTAVEL,"ATENCAO - utilizacao acima de "&TEXT(LIMITE_CONFORTAVEL,"0%"),"OK - capacidade suficiente"))) -> OK - capacidade suficiente | T41: =AUX_MATRIZES!AL152 -> 0.34870588 | U41: =AUX_MATRIZES!AL153 -> TR01 | V41: =IF($T41>LIMITE_CRITICO,"INVIAVEL - demanda excede a capacidade em 21 h/dia",IF($T41>LIMITE_ATENCAO,"CRITICO - utilizacao acima de "&TEXT(LIMITE_ATENCAO,"0%"),IF($T41>LIMITE_CONFORTAVEL,"ATENCAO - utilizacao acima de "&TEXT(LIMITE_CONFORTAVEL,"0%"),"OK - capacidade suficiente"))) -> OK - capacidade suficiente | W41: =AUX_MATRIZES!AL161 -> 1196823.5
B42: =SEMANAS!$B$42 -> 37 | C42: =SEMANAS!$C$42 -> 46517 | D42: =SEMANAS!$D$42 -> 46523 | E42: =AUX_MATRIZES!AM140 -> 1161033 | F42: =AUX_MATRIZES!AM156*SEMANAS!$K$42 -> 4470818.1 | G42: =IFERROR($E42/$F42,0) -> 0.25969139 | H42: =MAX(0,$E42-$F42) -> 0 | I42: =AUX_MATRIZES!AM158 -> 0 | J42: =AUX_MATRIZES!AM160 -> 0 | K42: =IFERROR(MAX(0,$E42/AUX_MATRIZES!AM156-SEMANAS!$K$42),0) -> 0 | L42: =IFERROR(MAX(0,$E42/SEMANAS!$K$42-AUX_MATRIZES!AM156),0) -> 0 | M42: =IF($G42>LIMITE_CRITICO,"INVIAVEL - demanda excede a capacidade em 21 h/dia",IF($G42>LIMITE_ATENCAO,"CRITICO - utilizacao acima de "&TEXT(LIMITE_ATENCAO,"0%"),IF($G42>LIMITE_CONFORTAVEL,"ATENCAO - utilizacao acima de "&TEXT(LIMITE_CONFORTAVEL,"0%"),"OK - capacidade suficiente"))) -> OK - capacidade suficiente | N42: =AUX_MATRIZES!AM148 -> 0.34870588 | O42: =AUX_MATRIZES!AM149 -> PV 109 | P42: =IF($N42>LIMITE_CRITICO,"INVIAVEL - demanda excede a capacidade em 21 h/dia",IF($N42>LIMITE_ATENCAO,"CRITICO - utilizacao acima de "&TEXT(LIMITE_ATENCAO,"0%"),IF($N42>LIMITE_CONFORTAVEL,"ATENCAO - utilizacao acima de "&TEXT(LIMITE_CONFORTAVEL,"0%"),"OK - capacidade suficiente"))) -> OK - capacidade suficiente | Q42: =AUX_MATRIZES!AM150 -> 0.34870588 | R42: =AUX_MATRIZES!AM151 -> RM01 | S42: =IF($Q42>LIMITE_CRITICO,"INVIAVEL - demanda excede a capacidade em 21 h/dia",IF($Q42>LIMITE_ATENCAO,"CRITICO - utilizacao acima de "&TEXT(LIMITE_ATENCAO,"0%"),IF($Q42>LIMITE_CONFORTAVEL,"ATENCAO - utilizacao acima de "&TEXT(LIMITE_CONFORTAVEL,"0%"),"OK - capacidade suficiente"))) -> OK - capacidade suficiente | T42: =AUX_MATRIZES!AM152 -> 0.34870588 | U42: =AUX_MATRIZES!AM153 -> TR01 | V42: =IF($T42>LIMITE_CRITICO,"INVIAVEL - demanda excede a capacidade em 21 h/dia",IF($T42>LIMITE_ATENCAO,"CRITICO - utilizacao acima de "&TEXT(LIMITE_ATENCAO,"0%"),IF($T42>LIMITE_CONFORTAVEL,"ATENCAO - utilizacao acima de "&TEXT(LIMITE_CONFORTAVEL,"0%"),"OK - capacidade suficiente"))) -> OK - capacidade suficiente | W42: =AUX_MATRIZES!AM161 -> 1161033
B43: =SEMANAS!$B$43 -> 38 | C43: =SEMANAS!$C$43 -> 46524 | D43: =SEMANAS!$D$43 -> 46530 | E43: =AUX_MATRIZES!AN140 -> 1114742.1 | F43: =AUX_MATRIZES!AN156*SEMANAS!$K$43 -> 4470818.1 | G43: =IFERROR($E43/$F43,0) -> 0.24933739 | H43: =MAX(0,$E43-$F43) -> 0 | I43: =AUX_MATRIZES!AN158 -> 0 | J43: =AUX_MATRIZES!AN160 -> 0 | K43: =IFERROR(MAX(0,$E43/AUX_MATRIZES!AN156-SEMANAS!$K$43),0) -> 0 | L43: =IFERROR(MAX(0,$E43/SEMANAS!$K$43-AUX_MATRIZES!AN156),0) -> 0 | M43: =IF($G43>LIMITE_CRITICO,"INVIAVEL - demanda excede a capacidade em 21 h/dia",IF($G43>LIMITE_ATENCAO,"CRITICO - utilizacao acima de "&TEXT(LIMITE_ATENCAO,"0%"),IF($G43>LIMITE_CONFORTAVEL,"ATENCAO - utilizacao acima de "&TEXT(LIMITE_CONFORTAVEL,"0%"),"OK - capacidade suficiente"))) -> OK - capacidade suficiente | N43: =AUX_MATRIZES!AN148 -> 0.34870588 | O43: =AUX_MATRIZES!AN149 -> PV 109 | P43: =IF($N43>LIMITE_CRITICO,"INVIAVEL - demanda excede a capacidade em 21 h/dia",IF($N43>LIMITE_ATENCAO,"CRITICO - utilizacao acima de "&TEXT(LIMITE_ATENCAO,"0%"),IF($N43>LIMITE_CONFORTAVEL,"ATENCAO - utilizacao acima de "&TEXT(LIMITE_CONFORTAVEL,"0%"),"OK - capacidade suficiente"))) -> OK - capacidade suficiente | Q43: =AUX_MATRIZES!AN150 -> 0.34870588 | R43: =AUX_MATRIZES!AN151 -> RM01 | S43: =IF($Q43>LIMITE_CRITICO,"INVIAVEL - demanda excede a capacidade em 21 h/dia",IF($Q43>LIMITE_ATENCAO,"CRITICO - utilizacao acima de "&TEXT(LIMITE_ATENCAO,"0%"),IF($Q43>LIMITE_CONFORTAVEL,"ATENCAO - utilizacao acima de "&TEXT(LIMITE_CONFORTAVEL,"0%"),"OK - capacidade suficiente"))) -> OK - capacidade suficiente | T43: =AUX_MATRIZES!AN152 -> 0.34870588 | U43: =AUX_MATRIZES!AN153 -> TR01 | V43: =IF($T43>LIMITE_CRITICO,"INVIAVEL - demanda excede a capacidade em 21 h/dia",IF($T43>LIMITE_ATENCAO,"CRITICO - utilizacao acima de "&TEXT(LIMITE_ATENCAO,"0%"),IF($T43>LIMITE_CONFORTAVEL,"ATENCAO - utilizacao acima de "&TEXT(LIMITE_CONFORTAVEL,"0%"),"OK - capacidade suficiente"))) -> OK - capacidade suficiente | W43: =AUX_MATRIZES!AN161 -> 1114742.1
B44: =SEMANAS!$B$44 -> 39 | C44: =SEMANAS!$C$44 -> 46531 | D44: =SEMANAS!$D$44 -> 46537 | E44: =AUX_MATRIZES!AO140 -> 1035126.8 | F44: =AUX_MATRIZES!AO156*SEMANAS!$K$44 -> 4470818.1 | G44: =IFERROR($E44/$F44,0) -> 0.23152961 | H44: =MAX(0,$E44-$F44) -> 0 | I44: =AUX_MATRIZES!AO158 -> 0 | J44: =AUX_MATRIZES!AO160 -> 0 | K44: =IFERROR(MAX(0,$E44/AUX_MATRIZES!AO156-SEMANAS!$K$44),0) -> 0 | L44: =IFERROR(MAX(0,$E44/SEMANAS!$K$44-AUX_MATRIZES!AO156),0) -> 0 | M44: =IF($G44>LIMITE_CRITICO,"INVIAVEL - demanda excede a capacidade em 21 h/dia",IF($G44>LIMITE_ATENCAO,"CRITICO - utilizacao acima de "&TEXT(LIMITE_ATENCAO,"0%"),IF($G44>LIMITE_CONFORTAVEL,"ATENCAO - utilizacao acima de "&TEXT(LIMITE_CONFORTAVEL,"0%"),"OK - capacidade suficiente"))) -> OK - capacidade suficiente | N44: =AUX_MATRIZES!AO148 -> 0.34870588 | O44: =AUX_MATRIZES!AO149 -> PV 109 | P44: =IF($N44>LIMITE_CRITICO,"INVIAVEL - demanda excede a capacidade em 21 h/dia",IF($N44>LIMITE_ATENCAO,"CRITICO - utilizacao acima de "&TEXT(LIMITE_ATENCAO,"0%"),IF($N44>LIMITE_CONFORTAVEL,"ATENCAO - utilizacao acima de "&TEXT(LIMITE_CONFORTAVEL,"0%"),"OK - capacidade suficiente"))) -> OK - capacidade suficiente | Q44: =AUX_MATRIZES!AO150 -> 0.34870588 | R44: =AUX_MATRIZES!AO151 -> RM01 | S44: =IF($Q44>LIMITE_CRITICO,"INVIAVEL - demanda excede a capacidade em 21 h/dia",IF($Q44>LIMITE_ATENCAO,"CRITICO - utilizacao acima de "&TEXT(LIMITE_ATENCAO,"0%"),IF($Q44>LIMITE_CONFORTAVEL,"ATENCAO - utilizacao acima de "&TEXT(LIMITE_CONFORTAVEL,"0%"),"OK - capacidade suficiente"))) -> OK - capacidade suficiente | T44: =AUX_MATRIZES!AO152 -> 0.34870588 | U44: =AUX_MATRIZES!AO153 -> TR01 | V44: =IF($T44>LIMITE_CRITICO,"INVIAVEL - demanda excede a capacidade em 21 h/dia",IF($T44>LIMITE_ATENCAO,"CRITICO - utilizacao acima de "&TEXT(LIMITE_ATENCAO,"0%"),IF($T44>LIMITE_CONFORTAVEL,"ATENCAO - utilizacao acima de "&TEXT(LIMITE_CONFORTAVEL,"0%"),"OK - capacidade suficiente"))) -> OK - capacidade suficiente | W44: =AUX_MATRIZES!AO161 -> 1035126.8
B45: =SEMANAS!$B$45 -> 40 | C45: =SEMANAS!$C$45 -> 46538 | D45: =SEMANAS!$D$45 -> 46544 | E45: =AUX_MATRIZES!AP140 -> 995342.92 | F45: =AUX_MATRIZES!AP156*SEMANAS!$K$45 -> 4470818.1 | G45: =IFERROR($E45/$F45,0) -> 0.22263105 | H45: =MAX(0,$E45-$F45) -> 0 | I45: =AUX_MATRIZES!AP158 -> 0 | J45: =AUX_MATRIZES!AP160 -> 0 | K45: =IFERROR(MAX(0,$E45/AUX_MATRIZES!AP156-SEMANAS!$K$45),0) -> 0 | L45: =IFERROR(MAX(0,$E45/SEMANAS!$K$45-AUX_MATRIZES!AP156),0) -> 0 | M45: =IF($G45>LIMITE_CRITICO,"INVIAVEL - demanda excede a capacidade em 21 h/dia",IF($G45>LIMITE_ATENCAO,"CRITICO - utilizacao acima de "&TEXT(LIMITE_ATENCAO,"0%"),IF($G45>LIMITE_CONFORTAVEL,"ATENCAO - utilizacao acima de "&TEXT(LIMITE_CONFORTAVEL,"0%"),"OK - capacidade suficiente"))) -> OK - capacidade suficiente | N45: =AUX_MATRIZES!AP148 -> 0.34991597 | O45: =AUX_MATRIZES!AP149 -> PV 109 | P45: =IF($N45>LIMITE_CRITICO,"INVIAVEL - demanda excede a capacidade em 21 h/dia",IF($N45>LIMITE_ATENCAO,"CRITICO - utilizacao acima de "&TEXT(LIMITE_ATENCAO,"0%"),IF($N45>LIMITE_CONFORTAVEL,"ATENCAO - utilizacao acima de "&TEXT(LIMITE_CONFORTAVEL,"0%"),"OK - capacidade suficiente"))) -> OK - capacidade suficiente | Q45: =AUX_MATRIZES!AP150 -> 0.34991597 | R45: =AUX_MATRIZES!AP151 -> RM01 | S45: =IF($Q45>LIMITE_CRITICO,"INVIAVEL - demanda excede a capacidade em 21 h/dia",IF($Q45>LIMITE_ATENCAO,"CRITICO - utilizacao acima de "&TEXT(LIMITE_ATENCAO,"0%"),IF($Q45>LIMITE_CONFORTAVEL,"ATENCAO - utilizacao acima de "&TEXT(LIMITE_CONFORTAVEL,"0%"),"OK - capacidade suficiente"))) -> OK - capacidade suficiente | T45: =AUX_MATRIZES!AP152 -> 0.34991597 | U45: =AUX_MATRIZES!AP153 -> TR01 | V45: =IF($T45>LIMITE_CRITICO,"INVIAVEL - demanda excede a capacidade em 21 h/dia",IF($T45>LIMITE_ATENCAO,"CRITICO - utilizacao acima de "&TEXT(LIMITE_ATENCAO,"0%"),IF($T45>LIMITE_CONFORTAVEL,"ATENCAO - utilizacao acima de "&TEXT(LIMITE_CONFORTAVEL,"0%"),"OK - capacidade suficiente"))) -> OK - capacidade suficiente | W45: =AUX_MATRIZES!AP161 -> 995342.92
B46: =SEMANAS!$B$46 -> 41 | C46: =SEMANAS!$C$46 -> 46545 | D46: =SEMANAS!$D$46 -> 46551 | E46: =AUX_MATRIZES!AQ140 -> 974858.18 | F46: =AUX_MATRIZES!AQ156*SEMANAS!$K$46 -> 4470818.1 | G46: =IFERROR($E46/$F46,0) -> 0.21804917 | H46: =MAX(0,$E46-$F46) -> 0 | I46: =AUX_MATRIZES!AQ158 -> 0 | J46: =AUX_MATRIZES!AQ160 -> 0 | K46: =IFERROR(MAX(0,$E46/AUX_MATRIZES!AQ156-SEMANAS!$K$46),0) -> 0 | L46: =IFERROR(MAX(0,$E46/SEMANAS!$K$46-AUX_MATRIZES!AQ156),0) -> 0 | M46: =IF($G46>LIMITE_CRITICO,"INVIAVEL - demanda excede a capacidade em 21 h/dia",IF($G46>LIMITE_ATENCAO,"CRITICO - utilizacao acima de "&TEXT(LIMITE_ATENCAO,"0%"),IF($G46>LIMITE_CONFORTAVEL,"ATENCAO - utilizacao acima de "&TEXT(LIMITE_CONFORTAVEL,"0%"),"OK - capacidade suficiente"))) -> OK - capacidade suficiente | N46: =AUX_MATRIZES!AQ148 -> 0.35011765 | O46: =AUX_MATRIZES!AQ149 -> PV 109 | P46: =IF($N46>LIMITE_CRITICO,"INVIAVEL - demanda excede a capacidade em 21 h/dia",IF($N46>LIMITE_ATENCAO,"CRITICO - utilizacao acima de "&TEXT(LIMITE_ATENCAO,"0%"),IF($N46>LIMITE_CONFORTAVEL,"ATENCAO - utilizacao acima de "&TEXT(LIMITE_CONFORTAVEL,"0%"),"OK - capacidade suficiente"))) -> OK - capacidade suficiente | Q46: =AUX_MATRIZES!AQ150 -> 0.35011765 | R46: =AUX_MATRIZES!AQ151 -> RM01 | S46: =IF($Q46>LIMITE_CRITICO,"INVIAVEL - demanda excede a capacidade em 21 h/dia",IF($Q46>LIMITE_ATENCAO,"CRITICO - utilizacao acima de "&TEXT(LIMITE_ATENCAO,"0%"),IF($Q46>LIMITE_CONFORTAVEL,"ATENCAO - utilizacao acima de "&TEXT(LIMITE_CONFORTAVEL,"0%"),"OK - capacidade suficiente"))) -> OK - capacidade suficiente | T46: =AUX_MATRIZES!AQ152 -> 0.35011765 | U46: =AUX_MATRIZES!AQ153 -> TR01 | V46: =IF($T46>LIMITE_CRITICO,"INVIAVEL - demanda excede a capacidade em 21 h/dia",IF($T46>LIMITE_ATENCAO,"CRITICO - utilizacao acima de "&TEXT(LIMITE_ATENCAO,"0%"),IF($T46>LIMITE_CONFORTAVEL,"ATENCAO - utilizacao acima de "&TEXT(LIMITE_CONFORTAVEL,"0%"),"OK - capacidade suficiente"))) -> OK - capacidade suficiente | W46: =AUX_MATRIZES!AQ161 -> 974858.18
B47: =SEMANAS!$B$47 -> 42 | C47: =SEMANAS!$C$47 -> 46552 | D47: =SEMANAS!$D$47 -> 46558 | E47: =AUX_MATRIZES!AR140 -> 740644.03 | F47: =AUX_MATRIZES!AR156*SEMANAS!$K$47 -> 4470818.1 | G47: =IFERROR($E47/$F47,0) -> 0.16566186 | H47: =MAX(0,$E47-$F47) -> 0 | I47: =AUX_MATRIZES!AR158 -> 0 | J47: =AUX_MATRIZES!AR160 -> 0 | K47: =IFERROR(MAX(0,$E47/AUX_MATRIZES!AR156-SEMANAS!$K$47),0) -> 0 | L47: =IFERROR(MAX(0,$E47/SEMANAS!$K$47-AUX_MATRIZES!AR156),0) -> 0 | M47: =IF($G47>LIMITE_CRITICO,"INVIAVEL - demanda excede a capacidade em 21 h/dia",IF($G47>LIMITE_ATENCAO,"CRITICO - utilizacao acima de "&TEXT(LIMITE_ATENCAO,"0%"),IF($G47>LIMITE_CONFORTAVEL,"ATENCAO - utilizacao acima de "&TEXT(LIMITE_CONFORTAVEL,"0%"),"OK - capacidade suficiente"))) -> OK - capacidade suficiente | N47: =AUX_MATRIZES!AR148 -> 0.35011765 | O47: =AUX_MATRIZES!AR149 -> PV 109 | P47: =IF($N47>LIMITE_CRITICO,"INVIAVEL - demanda excede a capacidade em 21 h/dia",IF($N47>LIMITE_ATENCAO,"CRITICO - utilizacao acima de "&TEXT(LIMITE_ATENCAO,"0%"),IF($N47>LIMITE_CONFORTAVEL,"ATENCAO - utilizacao acima de "&TEXT(LIMITE_CONFORTAVEL,"0%"),"OK - capacidade suficiente"))) -> OK - capacidade suficiente | Q47: =AUX_MATRIZES!AR150 -> 0.35011765 | R47: =AUX_MATRIZES!AR151 -> RM01 | S47: =IF($Q47>LIMITE_CRITICO,"INVIAVEL - demanda excede a capacidade em 21 h/dia",IF($Q47>LIMITE_ATENCAO,"CRITICO - utilizacao acima de "&TEXT(LIMITE_ATENCAO,"0%"),IF($Q47>LIMITE_CONFORTAVEL,"ATENCAO - utilizacao acima de "&TEXT(LIMITE_CONFORTAVEL,"0%"),"OK - capacidade suficiente"))) -> OK - capacidade suficiente | T47: =AUX_MATRIZES!AR152 -> 0.35011765 | U47: =AUX_MATRIZES!AR153 -> TR01 | V47: =IF($T47>LIMITE_CRITICO,"INVIAVEL - demanda excede a capacidade em 21 h/dia",IF($T47>LIMITE_ATENCAO,"CRITICO - utilizacao acima de "&TEXT(LIMITE_ATENCAO,"0%"),IF($T47>LIMITE_CONFORTAVEL,"ATENCAO - utilizacao acima de "&TEXT(LIMITE_CONFORTAVEL,"0%"),"OK - capacidade suficiente"))) -> OK - capacidade suficiente | W47: =AUX_MATRIZES!AR161 -> 740644.03
B48: =SEMANAS!$B$48 -> 43 | C48: =SEMANAS!$C$48 -> 46559 | D48: =SEMANAS!$D$48 -> 46565 | E48: =AUX_MATRIZES!AS140 -> 690658.26 | F48: =AUX_MATRIZES!AS156*SEMANAS!$K$48 -> 4470818.1 | G48: =IFERROR($E48/$F48,0) -> 0.15448141 | H48: =MAX(0,$E48-$F48) -> 0 | I48: =AUX_MATRIZES!AS158 -> 0 | J48: =AUX_MATRIZES!AS160 -> 0 | K48: =IFERROR(MAX(0,$E48/AUX_MATRIZES!AS156-SEMANAS!$K$48),0) -> 0 | L48: =IFERROR(MAX(0,$E48/SEMANAS!$K$48-AUX_MATRIZES!AS156),0) -> 0 | M48: =IF($G48>LIMITE_CRITICO,"INVIAVEL - demanda excede a capacidade em 21 h/dia",IF($G48>LIMITE_ATENCAO,"CRITICO - utilizacao acima de "&TEXT(LIMITE_ATENCAO,"0%"),IF($G48>LIMITE_CONFORTAVEL,"ATENCAO - utilizacao acima de "&TEXT(LIMITE_CONFORTAVEL,"0%"),"OK - capacidade suficiente"))) -> OK - capacidade suficiente | N48: =AUX_MATRIZES!AS148 -> 0.35011765 | O48: =AUX_MATRIZES!AS149 -> PV 109 | P48: =IF($N48>LIMITE_CRITICO,"INVIAVEL - demanda excede a capacidade em 21 h/dia",IF($N48>LIMITE_ATENCAO,"CRITICO - utilizacao acima de "&TEXT(LIMITE_ATENCAO,"0%"),IF($N48>LIMITE_CONFORTAVEL,"ATENCAO - utilizacao acima de "&TEXT(LIMITE_CONFORTAVEL,"0%"),"OK - capacidade suficiente"))) -> OK - capacidade suficiente | Q48: =AUX_MATRIZES!AS150 -> 0.35011765 | R48: =AUX_MATRIZES!AS151 -> RM01 | S48: =IF($Q48>LIMITE_CRITICO,"INVIAVEL - demanda excede a capacidade em 21 h/dia",IF($Q48>LIMITE_ATENCAO,"CRITICO - utilizacao acima de "&TEXT(LIMITE_ATENCAO,"0%"),IF($Q48>LIMITE_CONFORTAVEL,"ATENCAO - utilizacao acima de "&TEXT(LIMITE_CONFORTAVEL,"0%"),"OK - capacidade suficiente"))) -> OK - capacidade suficiente | T48: =AUX_MATRIZES!AS152 -> 0.35011765 | U48: =AUX_MATRIZES!AS153 -> TR01 | V48: =IF($T48>LIMITE_CRITICO,"INVIAVEL - demanda excede a capacidade em 21 h/dia",IF($T48>LIMITE_ATENCAO,"CRITICO - utilizacao acima de "&TEXT(LIMITE_ATENCAO,"0%"),IF($T48>LIMITE_CONFORTAVEL,"ATENCAO - utilizacao acima de "&TEXT(LIMITE_CONFORTAVEL,"0%"),"OK - capacidade suficiente"))) -> OK - capacidade suficiente | W48: =AUX_MATRIZES!AS161 -> 690658.26
B49: =SEMANAS!$B$49 -> 44 | C49: =SEMANAS!$C$49 -> 46566 | D49: =SEMANAS!$D$49 -> 46572 | E49: =AUX_MATRIZES!AT140 -> 638311.83 | F49: =AUX_MATRIZES!AT156*SEMANAS!$K$49 -> 4470818.1 | G49: =IFERROR($E49/$F49,0) -> 0.14277294 | H49: =MAX(0,$E49-$F49) -> 0 | I49: =AUX_MATRIZES!AT158 -> 0 | J49: =AUX_MATRIZES!AT160 -> 0 | K49: =IFERROR(MAX(0,$E49/AUX_MATRIZES!AT156-SEMANAS!$K$49),0) -> 0 | L49: =IFERROR(MAX(0,$E49/SEMANAS!$K$49-AUX_MATRIZES!AT156),0) -> 0 | M49: =IF($G49>LIMITE_CRITICO,"INVIAVEL - demanda excede a capacidade em 21 h/dia",IF($G49>LIMITE_ATENCAO,"CRITICO - utilizacao acima de "&TEXT(LIMITE_ATENCAO,"0%"),IF($G49>LIMITE_CONFORTAVEL,"ATENCAO - utilizacao acima de "&TEXT(LIMITE_CONFORTAVEL,"0%"),"OK - capacidade suficiente"))) -> OK - capacidade suficiente | N49: =AUX_MATRIZES!AT148 -> 0.36409088 | O49: =AUX_MATRIZES!AT149 -> PV 121 | P49: =IF($N49>LIMITE_CRITICO,"INVIAVEL - demanda excede a capacidade em 21 h/dia",IF($N49>LIMITE_ATENCAO,"CRITICO - utilizacao acima de "&TEXT(LIMITE_ATENCAO,"0%"),IF($N49>LIMITE_CONFORTAVEL,"ATENCAO - utilizacao acima de "&TEXT(LIMITE_CONFORTAVEL,"0%"),"OK - capacidade suficiente"))) -> OK - capacidade suficiente | Q49: =AUX_MATRIZES!AT150 -> 0.35292952 | R49: =AUX_MATRIZES!AT151 -> RM03 | S49: =IF($Q49>LIMITE_CRITICO,"INVIAVEL - demanda excede a capacidade em 21 h/dia",IF($Q49>LIMITE_ATENCAO,"CRITICO - utilizacao acima de "&TEXT(LIMITE_ATENCAO,"0%"),IF($Q49>LIMITE_CONFORTAVEL,"ATENCAO - utilizacao acima de "&TEXT(LIMITE_CONFORTAVEL,"0%"),"OK - capacidade suficiente"))) -> OK - capacidade suficiente | T49: =AUX_MATRIZES!AT152 -> 0.35292952 | U49: =AUX_MATRIZES!AT153 -> TR03 | V49: =IF($T49>LIMITE_CRITICO,"INVIAVEL - demanda excede a capacidade em 21 h/dia",IF($T49>LIMITE_ATENCAO,"CRITICO - utilizacao acima de "&TEXT(LIMITE_ATENCAO,"0%"),IF($T49>LIMITE_CONFORTAVEL,"ATENCAO - utilizacao acima de "&TEXT(LIMITE_CONFORTAVEL,"0%"),"OK - capacidade suficiente"))) -> OK - capacidade suficiente | W49: =AUX_MATRIZES!AT161 -> 638311.83
B50: =SEMANAS!$B$50 -> 45 | C50: =SEMANAS!$C$50 -> 46573 | D50: =SEMANAS!$D$50 -> 46579 | E50: =AUX_MATRIZES!AU140 -> 663171.04 | F50: =AUX_MATRIZES!AU156*SEMANAS!$K$50 -> 4470818.1 | G50: =IFERROR($E50/$F50,0) -> 0.14833326 | H50: =MAX(0,$E50-$F50) -> 0 | I50: =AUX_MATRIZES!AU158 -> 0 | J50: =AUX_MATRIZES!AU160 -> 0 | K50: =IFERROR(MAX(0,$E50/AUX_MATRIZES!AU156-SEMANAS!$K$50),0) -> 0 | L50: =IFERROR(MAX(0,$E50/SEMANAS!$K$50-AUX_MATRIZES!AU156),0) -> 0 | M50: =IF($G50>LIMITE_CRITICO,"INVIAVEL - demanda excede a capacidade em 21 h/dia",IF($G50>LIMITE_ATENCAO,"CRITICO - utilizacao acima de "&TEXT(LIMITE_ATENCAO,"0%"),IF($G50>LIMITE_CONFORTAVEL,"ATENCAO - utilizacao acima de "&TEXT(LIMITE_CONFORTAVEL,"0%"),"OK - capacidade suficiente"))) -> OK - capacidade suficiente | N50: =AUX_MATRIZES!AU148 -> 0.35046639 | O50: =AUX_MATRIZES!AU149 -> PV 128 | P50: =IF($N50>LIMITE_CRITICO,"INVIAVEL - demanda excede a capacidade em 21 h/dia",IF($N50>LIMITE_ATENCAO,"CRITICO - utilizacao acima de "&TEXT(LIMITE_ATENCAO,"0%"),IF($N50>LIMITE_CONFORTAVEL,"ATENCAO - utilizacao acima de "&TEXT(LIMITE_CONFORTAVEL,"0%"),"OK - capacidade suficiente"))) -> OK - capacidade suficiente | Q50: =AUX_MATRIZES!AU150 -> 0.34216045 | R50: =AUX_MATRIZES!AU151 -> RM03 | S50: =IF($Q50>LIMITE_CRITICO,"INVIAVEL - demanda excede a capacidade em 21 h/dia",IF($Q50>LIMITE_ATENCAO,"CRITICO - utilizacao acima de "&TEXT(LIMITE_ATENCAO,"0%"),IF($Q50>LIMITE_CONFORTAVEL,"ATENCAO - utilizacao acima de "&TEXT(LIMITE_CONFORTAVEL,"0%"),"OK - capacidade suficiente"))) -> OK - capacidade suficiente | T50: =AUX_MATRIZES!AU152 -> 0.34216045 | U50: =AUX_MATRIZES!AU153 -> TR03 | V50: =IF($T50>LIMITE_CRITICO,"INVIAVEL - demanda excede a capacidade em 21 h/dia",IF($T50>LIMITE_ATENCAO,"CRITICO - utilizacao acima de "&TEXT(LIMITE_ATENCAO,"0%"),IF($T50>LIMITE_CONFORTAVEL,"ATENCAO - utilizacao acima de "&TEXT(LIMITE_CONFORTAVEL,"0%"),"OK - capacidade suficiente"))) -> OK - capacidade suficiente | W50: =AUX_MATRIZES!AU161 -> 663171.04
B51: =SEMANAS!$B$51 -> 46 | C51: =SEMANAS!$C$51 -> 46580 | D51: =SEMANAS!$D$51 -> 46586 | E51: =AUX_MATRIZES!AV140 -> 658983.11 | F51: =AUX_MATRIZES!AV156*SEMANAS!$K$51 -> 4470818.1 | G51: =IFERROR($E51/$F51,0) -> 0.14739654 | H51: =MAX(0,$E51-$F51) -> 0 | I51: =AUX_MATRIZES!AV158 -> 0 | J51: =AUX_MATRIZES!AV160 -> 0 | K51: =IFERROR(MAX(0,$E51/AUX_MATRIZES!AV156-SEMANAS!$K$51),0) -> 0 | L51: =IFERROR(MAX(0,$E51/SEMANAS!$K$51-AUX_MATRIZES!AV156),0) -> 0 | M51: =IF($G51>LIMITE_CRITICO,"INVIAVEL - demanda excede a capacidade em 21 h/dia",IF($G51>LIMITE_ATENCAO,"CRITICO - utilizacao acima de "&TEXT(LIMITE_ATENCAO,"0%"),IF($G51>LIMITE_CONFORTAVEL,"ATENCAO - utilizacao acima de "&TEXT(LIMITE_CONFORTAVEL,"0%"),"OK - capacidade suficiente"))) -> OK - capacidade suficiente | N51: =AUX_MATRIZES!AV148 -> 0.40737815 | O51: =AUX_MATRIZES!AV149 -> PV 128 | P51: =IF($N51>LIMITE_CRITICO,"INVIAVEL - demanda excede a capacidade em 21 h/dia",IF($N51>LIMITE_ATENCAO,"CRITICO - utilizacao acima de "&TEXT(LIMITE_ATENCAO,"0%"),IF($N51>LIMITE_CONFORTAVEL,"ATENCAO - utilizacao acima de "&TEXT(LIMITE_CONFORTAVEL,"0%"),"OK - capacidade suficiente"))) -> OK - capacidade suficiente | Q51: =AUX_MATRIZES!AV150 -> 0.31837966 | R51: =AUX_MATRIZES!AV151 -> RM03 | S51: =IF($Q51>LIMITE_CRITICO,"INVIAVEL - demanda excede a capacidade em 21 h/dia",IF($Q51>LIMITE_ATENCAO,"CRITICO - utilizacao acima de "&TEXT(LIMITE_ATENCAO,"0%"),IF($Q51>LIMITE_CONFORTAVEL,"ATENCAO - utilizacao acima de "&TEXT(LIMITE_CONFORTAVEL,"0%"),"OK - capacidade suficiente"))) -> OK - capacidade suficiente | T51: =AUX_MATRIZES!AV152 -> 0.31837966 | U51: =AUX_MATRIZES!AV153 -> TR03 | V51: =IF($T51>LIMITE_CRITICO,"INVIAVEL - demanda excede a capacidade em 21 h/dia",IF($T51>LIMITE_ATENCAO,"CRITICO - utilizacao acima de "&TEXT(LIMITE_ATENCAO,"0%"),IF($T51>LIMITE_CONFORTAVEL,"ATENCAO - utilizacao acima de "&TEXT(LIMITE_CONFORTAVEL,"0%"),"OK - capacidade suficiente"))) -> OK - capacidade suficiente | W51: =AUX_MATRIZES!AV161 -> 658983.11
B52: =SEMANAS!$B$52 -> 47 | C52: =SEMANAS!$C$52 -> 46587 | D52: =SEMANAS!$D$52 -> 46593 | E52: =AUX_MATRIZES!AW140 -> 655994.79 | F52: =AUX_MATRIZES!AW156*SEMANAS!$K$52 -> 4470818.1 | G52: =IFERROR($E52/$F52,0) -> 0.14672813 | H52: =MAX(0,$E52-$F52) -> 0 | I52: =AUX_MATRIZES!AW158 -> 0 | J52: =AUX_MATRIZES!AW160 -> 0 | K52: =IFERROR(MAX(0,$E52/AUX_MATRIZES!AW156-SEMANAS!$K$52),0) -> 0 | L52: =IFERROR(MAX(0,$E52/SEMANAS!$K$52-AUX_MATRIZES!AW156),0) -> 0 | M52: =IF($G52>LIMITE_CRITICO,"INVIAVEL - demanda excede a capacidade em 21 h/dia",IF($G52>LIMITE_ATENCAO,"CRITICO - utilizacao acima de "&TEXT(LIMITE_ATENCAO,"0%"),IF($G52>LIMITE_CONFORTAVEL,"ATENCAO - utilizacao acima de "&TEXT(LIMITE_CONFORTAVEL,"0%"),"OK - capacidade suficiente"))) -> OK - capacidade suficiente | N52: =AUX_MATRIZES!AW148 -> 0.42689076 | O52: =AUX_MATRIZES!AW149 -> PV 128 | P52: =IF($N52>LIMITE_CRITICO,"INVIAVEL - demanda excede a capacidade em 21 h/dia",IF($N52>LIMITE_ATENCAO,"CRITICO - utilizacao acima de "&TEXT(LIMITE_ATENCAO,"0%"),IF($N52>LIMITE_CONFORTAVEL,"ATENCAO - utilizacao acima de "&TEXT(LIMITE_CONFORTAVEL,"0%"),"OK - capacidade suficiente"))) -> OK - capacidade suficiente | Q52: =AUX_MATRIZES!AW150 -> 0.29459887 | R52: =AUX_MATRIZES!AW151 -> RM03 | S52: =IF($Q52>LIMITE_CRITICO,"INVIAVEL - demanda excede a capacidade em 21 h/dia",IF($Q52>LIMITE_ATENCAO,"CRITICO - utilizacao acima de "&TEXT(LIMITE_ATENCAO,"0%"),IF($Q52>LIMITE_CONFORTAVEL,"ATENCAO - utilizacao acima de "&TEXT(LIMITE_CONFORTAVEL,"0%"),"OK - capacidade suficiente"))) -> OK - capacidade suficiente | T52: =AUX_MATRIZES!AW152 -> 0.29459887 | U52: =AUX_MATRIZES!AW153 -> TR03 | V52: =IF($T52>LIMITE_CRITICO,"INVIAVEL - demanda excede a capacidade em 21 h/dia",IF($T52>LIMITE_ATENCAO,"CRITICO - utilizacao acima de "&TEXT(LIMITE_ATENCAO,"0%"),IF($T52>LIMITE_CONFORTAVEL,"ATENCAO - utilizacao acima de "&TEXT(LIMITE_CONFORTAVEL,"0%"),"OK - capacidade suficiente"))) -> OK - capacidade suficiente | W52: =AUX_MATRIZES!AW161 -> 655994.79
B53: =SEMANAS!$B$53 -> 48 | C53: =SEMANAS!$C$53 -> 46594 | D53: =SEMANAS!$D$53 -> 46600 | E53: =AUX_MATRIZES!AX140 -> 654587.41 | F53: =AUX_MATRIZES!AX156*SEMANAS!$K$53 -> 4470818.1 | G53: =IFERROR($E53/$F53,0) -> 0.14641334 | H53: =MAX(0,$E53-$F53) -> 0 | I53: =AUX_MATRIZES!AX158 -> 0 | J53: =AUX_MATRIZES!AX160 -> 0 | K53: =IFERROR(MAX(0,$E53/AUX_MATRIZES!AX156-SEMANAS!$K$53),0) -> 0 | L53: =IFERROR(MAX(0,$E53/SEMANAS!$K$53-AUX_MATRIZES!AX156),0) -> 0 | M53: =IF($G53>LIMITE_CRITICO,"INVIAVEL - demanda excede a capacidade em 21 h/dia",IF($G53>LIMITE_ATENCAO,"CRITICO - utilizacao acima de "&TEXT(LIMITE_ATENCAO,"0%"),IF($G53>LIMITE_CONFORTAVEL,"ATENCAO - utilizacao acima de "&TEXT(LIMITE_CONFORTAVEL,"0%"),"OK - capacidade suficiente"))) -> OK - capacidade suficiente | N53: =AUX_MATRIZES!AX148 -> 0.43927971 | O53: =AUX_MATRIZES!AX149 -> PV 128 | P53: =IF($N53>LIMITE_CRITICO,"INVIAVEL - demanda excede a capacidade em 21 h/dia",IF($N53>LIMITE_ATENCAO,"CRITICO - utilizacao acima de "&TEXT(LIMITE_ATENCAO,"0%"),IF($N53>LIMITE_CONFORTAVEL,"ATENCAO - utilizacao acima de "&TEXT(LIMITE_CONFORTAVEL,"0%"),"OK - capacidade suficiente"))) -> OK - capacidade suficiente | Q53: =AUX_MATRIZES!AX150 -> 0.27856542 | R53: =AUX_MATRIZES!AX151 -> RM03 | S53: =IF($Q53>LIMITE_CRITICO,"INVIAVEL - demanda excede a capacidade em 21 h/dia",IF($Q53>LIMITE_ATENCAO,"CRITICO - utilizacao acima de "&TEXT(LIMITE_ATENCAO,"0%"),IF($Q53>LIMITE_CONFORTAVEL,"ATENCAO - utilizacao acima de "&TEXT(LIMITE_CONFORTAVEL,"0%"),"OK - capacidade suficiente"))) -> OK - capacidade suficiente | T53: =AUX_MATRIZES!AX152 -> 0.27856542 | U53: =AUX_MATRIZES!AX153 -> TR03 | V53: =IF($T53>LIMITE_CRITICO,"INVIAVEL - demanda excede a capacidade em 21 h/dia",IF($T53>LIMITE_ATENCAO,"CRITICO - utilizacao acima de "&TEXT(LIMITE_ATENCAO,"0%"),IF($T53>LIMITE_CONFORTAVEL,"ATENCAO - utilizacao acima de "&TEXT(LIMITE_CONFORTAVEL,"0%"),"OK - capacidade suficiente"))) -> OK - capacidade suficiente | W53: =AUX_MATRIZES!AX161 -> 654587.41
B54: =SEMANAS!$B$54 -> 49 | C54: =SEMANAS!$C$54 -> 46601 | D54: =SEMANAS!$D$54 -> 46607 | E54: =AUX_MATRIZES!AY140 -> 715532.6 | F54: =AUX_MATRIZES!AY156*SEMANAS!$K$54 -> 4470818.1 | G54: =IFERROR($E54/$F54,0) -> 0.16004511 | H54: =MAX(0,$E54-$F54) -> 0 | I54: =AUX_MATRIZES!AY158 -> 0 | J54: =AUX_MATRIZES!AY160 -> 0 | K54: =IFERROR(MAX(0,$E54/AUX_MATRIZES!AY156-SEMANAS!$K$54),0) -> 0 | L54: =IFERROR(MAX(0,$E54/SEMANAS!$K$54-AUX_MATRIZES!AY156),0) -> 0 | M54: =IF($G54>LIMITE_CRITICO,"INVIAVEL - demanda excede a capacidade em 21 h/dia",IF($G54>LIMITE_ATENCAO,"CRITICO - utilizacao acima de "&TEXT(LIMITE_ATENCAO,"0%"),IF($G54>LIMITE_CONFORTAVEL,"ATENCAO - utilizacao acima de "&TEXT(LIMITE_CONFORTAVEL,"0%"),"OK - capacidade suficiente"))) -> OK - capacidade suficiente | N54: =AUX_MATRIZES!AY148 -> 0.51361345 | O54: =AUX_MATRIZES!AY149 -> PV 128 | P54: =IF($N54>LIMITE_CRITICO,"INVIAVEL - demanda excede a capacidade em 21 h/dia",IF($N54>LIMITE_ATENCAO,"CRITICO - utilizacao acima de "&TEXT(LIMITE_ATENCAO,"0%"),IF($N54>LIMITE_CONFORTAVEL,"ATENCAO - utilizacao acima de "&TEXT(LIMITE_CONFORTAVEL,"0%"),"OK - capacidade suficiente"))) -> OK - capacidade suficiente | Q54: =AUX_MATRIZES!AY150 -> 0.29629132 | R54: =AUX_MATRIZES!AY151 -> RM03 | S54: =IF($Q54>LIMITE_CRITICO,"INVIAVEL - demanda excede a capacidade em 21 h/dia",IF($Q54>LIMITE_ATENCAO,"CRITICO - utilizacao acima de "&TEXT(LIMITE_ATENCAO,"0%"),IF($Q54>LIMITE_CONFORTAVEL,"ATENCAO - utilizacao acima de "&TEXT(LIMITE_CONFORTAVEL,"0%"),"OK - capacidade suficiente"))) -> OK - capacidade suficiente | T54: =AUX_MATRIZES!AY152 -> 0.29629132 | U54: =AUX_MATRIZES!AY153 -> TR03 | V54: =IF($T54>LIMITE_CRITICO,"INVIAVEL - demanda excede a capacidade em 21 h/dia",IF($T54>LIMITE_ATENCAO,"CRITICO - utilizacao acima de "&TEXT(LIMITE_ATENCAO,"0%"),IF($T54>LIMITE_CONFORTAVEL,"ATENCAO - utilizacao acima de "&TEXT(LIMITE_CONFORTAVEL,"0%"),"OK - capacidade suficiente"))) -> OK - capacidade suficiente | W54: =AUX_MATRIZES!AY161 -> 715532.6
B55: =SEMANAS!$B$55 -> 50 | C55: =SEMANAS!$C$55 -> 46608 | D55: =SEMANAS!$D$55 -> 46614 | E55: =AUX_MATRIZES!AZ140 -> 704298.81 | F55: =AUX_MATRIZES!AZ156*SEMANAS!$K$55 -> 4470818.1 | G55: =IFERROR($E55/$F55,0) -> 0.15753242 | H55: =MAX(0,$E55-$F55) -> 0 | I55: =AUX_MATRIZES!AZ158 -> 0 | J55: =AUX_MATRIZES!AZ160 -> 0 | K55: =IFERROR(MAX(0,$E55/AUX_MATRIZES!AZ156-SEMANAS!$K$55),0) -> 0 | L55: =IFERROR(MAX(0,$E55/SEMANAS!$K$55-AUX_MATRIZES!AZ156),0) -> 0 | M55: =IF($G55>LIMITE_CRITICO,"INVIAVEL - demanda excede a capacidade em 21 h/dia",IF($G55>LIMITE_ATENCAO,"CRITICO - utilizacao acima de "&TEXT(LIMITE_ATENCAO,"0%"),IF($G55>LIMITE_CONFORTAVEL,"ATENCAO - utilizacao acima de "&TEXT(LIMITE_CONFORTAVEL,"0%"),"OK - capacidade suficiente"))) -> OK - capacidade suficiente | N55: =AUX_MATRIZES!AZ148 -> 0.52959276 | O55: =AUX_MATRIZES!AZ149 -> PV 113 | P55: =IF($N55>LIMITE_CRITICO,"INVIAVEL - demanda excede a capacidade em 21 h/dia",IF($N55>LIMITE_ATENCAO,"CRITICO - utilizacao acima de "&TEXT(LIMITE_ATENCAO,"0%"),IF($N55>LIMITE_CONFORTAVEL,"ATENCAO - utilizacao acima de "&TEXT(LIMITE_CONFORTAVEL,"0%"),"OK - capacidade suficiente"))) -> OK - capacidade suficiente | Q55: =AUX_MATRIZES!AZ150 -> 0.26753315 | R55: =AUX_MATRIZES!AZ151 -> RM03 | S55: =IF($Q55>LIMITE_CRITICO,"INVIAVEL - demanda excede a capacidade em 21 h/dia",IF($Q55>LIMITE_ATENCAO,"CRITICO - utilizacao acima de "&TEXT(LIMITE_ATENCAO,"0%"),IF($Q55>LIMITE_CONFORTAVEL,"ATENCAO - utilizacao acima de "&TEXT(LIMITE_CONFORTAVEL,"0%"),"OK - capacidade suficiente"))) -> OK - capacidade suficiente | T55: =AUX_MATRIZES!AZ152 -> 0.26753315 | U55: =AUX_MATRIZES!AZ153 -> TR03 | V55: =IF($T55>LIMITE_CRITICO,"INVIAVEL - demanda excede a capacidade em 21 h/dia",IF($T55>LIMITE_ATENCAO,"CRITICO - utilizacao acima de "&TEXT(LIMITE_ATENCAO,"0%"),IF($T55>LIMITE_CONFORTAVEL,"ATENCAO - utilizacao acima de "&TEXT(LIMITE_CONFORTAVEL,"0%"),"OK - capacidade suficiente"))) -> OK - capacidade suficiente | W55: =AUX_MATRIZES!AZ161 -> 704298.81
B56: =SEMANAS!$B$56 -> 51 | C56: =SEMANAS!$C$56 -> 46615 | D56: =SEMANAS!$D$56 -> 46621 | E56: =AUX_MATRIZES!BA140 -> 616748.37 | F56: =AUX_MATRIZES!BA156*SEMANAS!$K$56 -> 4470818.1 | G56: =IFERROR($E56/$F56,0) -> 0.13794978 | H56: =MAX(0,$E56-$F56) -> 0 | I56: =AUX_MATRIZES!BA158 -> 0 | J56: =AUX_MATRIZES!BA160 -> 0 | K56: =IFERROR(MAX(0,$E56/AUX_MATRIZES!BA156-SEMANAS!$K$56),0) -> 0 | L56: =IFERROR(MAX(0,$E56/SEMANAS!$K$56-AUX_MATRIZES!BA156),0) -> 0 | M56: =IF($G56>LIMITE_CRITICO,"INVIAVEL - demanda excede a capacidade em 21 h/dia",IF($G56>LIMITE_ATENCAO,"CRITICO - utilizacao acima de "&TEXT(LIMITE_ATENCAO,"0%"),IF($G56>LIMITE_CONFORTAVEL,"ATENCAO - utilizacao acima de "&TEXT(LIMITE_CONFORTAVEL,"0%"),"OK - capacidade suficiente"))) -> OK - capacidade suficiente | N56: =AUX_MATRIZES!BA148 -> 0.52959276 | O56: =AUX_MATRIZES!BA149 -> PV 113 | P56: =IF($N56>LIMITE_CRITICO,"INVIAVEL - demanda excede a capacidade em 21 h/dia",IF($N56>LIMITE_ATENCAO,"CRITICO - utilizacao acima de "&TEXT(LIMITE_ATENCAO,"0%"),IF($N56>LIMITE_CONFORTAVEL,"ATENCAO - utilizacao acima de "&TEXT(LIMITE_CONFORTAVEL,"0%"),"OK - capacidade suficiente"))) -> OK - capacidade suficiente | Q56: =AUX_MATRIZES!BA150 -> 0.27822448 | R56: =AUX_MATRIZES!BA151 -> RM05 | S56: =IF($Q56>LIMITE_CRITICO,"INVIAVEL - demanda excede a capacidade em 21 h/dia",IF($Q56>LIMITE_ATENCAO,"CRITICO - utilizacao acima de "&TEXT(LIMITE_ATENCAO,"0%"),IF($Q56>LIMITE_CONFORTAVEL,"ATENCAO - utilizacao acima de "&TEXT(LIMITE_CONFORTAVEL,"0%"),"OK - capacidade suficiente"))) -> OK - capacidade suficiente | T56: =AUX_MATRIZES!BA152 -> 0.27822448 | U56: =AUX_MATRIZES!BA153 -> TR05 | V56: =IF($T56>LIMITE_CRITICO,"INVIAVEL - demanda excede a capacidade em 21 h/dia",IF($T56>LIMITE_ATENCAO,"CRITICO - utilizacao acima de "&TEXT(LIMITE_ATENCAO,"0%"),IF($T56>LIMITE_CONFORTAVEL,"ATENCAO - utilizacao acima de "&TEXT(LIMITE_CONFORTAVEL,"0%"),"OK - capacidade suficiente"))) -> OK - capacidade suficiente | W56: =AUX_MATRIZES!BA161 -> 616748.37
B57: =SEMANAS!$B$57 -> 52 | C57: =SEMANAS!$C$57 -> 46622 | D57: =SEMANAS!$D$57 -> 46628 | E57: =AUX_MATRIZES!BB140 -> 611379.59 | F57: =AUX_MATRIZES!BB156*SEMANAS!$K$57 -> 4470818.1 | G57: =IFERROR($E57/$F57,0) -> 0.13674893 | H57: =MAX(0,$E57-$F57) -> 0 | I57: =AUX_MATRIZES!BB158 -> 0 | J57: =AUX_MATRIZES!BB160 -> 0 | K57: =IFERROR(MAX(0,$E57/AUX_MATRIZES!BB156-SEMANAS!$K$57),0) -> 0 | L57: =IFERROR(MAX(0,$E57/SEMANAS!$K$57-AUX_MATRIZES!BB156),0) -> 0 | M57: =IF($G57>LIMITE_CRITICO,"INVIAVEL - demanda excede a capacidade em 21 h/dia",IF($G57>LIMITE_ATENCAO,"CRITICO - utilizacao acima de "&TEXT(LIMITE_ATENCAO,"0%"),IF($G57>LIMITE_CONFORTAVEL,"ATENCAO - utilizacao acima de "&TEXT(LIMITE_CONFORTAVEL,"0%"),"OK - capacidade suficiente"))) -> OK - capacidade suficiente | N57: =AUX_MATRIZES!BB148 -> 0.52959276 | O57: =AUX_MATRIZES!BB149 -> PV 113 | P57: =IF($N57>LIMITE_CRITICO,"INVIAVEL - demanda excede a capacidade em 21 h/dia",IF($N57>LIMITE_ATENCAO,"CRITICO - utilizacao acima de "&TEXT(LIMITE_ATENCAO,"0%"),IF($N57>LIMITE_CONFORTAVEL,"ATENCAO - utilizacao acima de "&TEXT(LIMITE_CONFORTAVEL,"0%"),"OK - capacidade suficiente"))) -> OK - capacidade suficiente | Q57: =AUX_MATRIZES!BB150 -> 0.29656232 | R57: =AUX_MATRIZES!BB151 -> RM05 | S57: =IF($Q57>LIMITE_CRITICO,"INVIAVEL - demanda excede a capacidade em 21 h/dia",IF($Q57>LIMITE_ATENCAO,"CRITICO - utilizacao acima de "&TEXT(LIMITE_ATENCAO,"0%"),IF($Q57>LIMITE_CONFORTAVEL,"ATENCAO - utilizacao acima de "&TEXT(LIMITE_CONFORTAVEL,"0%"),"OK - capacidade suficiente"))) -> OK - capacidade suficiente | T57: =AUX_MATRIZES!BB152 -> 0.29656232 | U57: =AUX_MATRIZES!BB153 -> TR05 | V57: =IF($T57>LIMITE_CRITICO,"INVIAVEL - demanda excede a capacidade em 21 h/dia",IF($T57>LIMITE_ATENCAO,"CRITICO - utilizacao acima de "&TEXT(LIMITE_ATENCAO,"0%"),IF($T57>LIMITE_CONFORTAVEL,"ATENCAO - utilizacao acima de "&TEXT(LIMITE_CONFORTAVEL,"0%"),"OK - capacidade suficiente"))) -> OK - capacidade suficiente | W57: =AUX_MATRIZES!BB161 -> 611379.59
B58: =SEMANAS!$B$58 -> 53 | C58: =SEMANAS!$C$58 -> 46629 | D58: =SEMANAS!$D$58 -> 46635 | E58: =AUX_MATRIZES!BC140 -> 641726.52 | F58: =AUX_MATRIZES!BC156*SEMANAS!$K$58 -> 4470818.1 | G58: =IFERROR($E58/$F58,0) -> 0.14353671 | H58: =MAX(0,$E58-$F58) -> 0 | I58: =AUX_MATRIZES!BC158 -> 0 | J58: =AUX_MATRIZES!BC160 -> 0 | K58: =IFERROR(MAX(0,$E58/AUX_MATRIZES!BC156-SEMANAS!$K$58),0) -> 0 | L58: =IFERROR(MAX(0,$E58/SEMANAS!$K$58-AUX_MATRIZES!BC156),0) -> 0 | M58: =IF($G58>LIMITE_CRITICO,"INVIAVEL - demanda excede a capacidade em 21 h/dia",IF($G58>LIMITE_ATENCAO,"CRITICO - utilizacao acima de "&TEXT(LIMITE_ATENCAO,"0%"),IF($G58>LIMITE_CONFORTAVEL,"ATENCAO - utilizacao acima de "&TEXT(LIMITE_CONFORTAVEL,"0%"),"OK - capacidade suficiente"))) -> OK - capacidade suficiente | N58: =AUX_MATRIZES!BC148 -> 0.55622495 | O58: =AUX_MATRIZES!BC149 -> PV 118 | P58: =IF($N58>LIMITE_CRITICO,"INVIAVEL - demanda excede a capacidade em 21 h/dia",IF($N58>LIMITE_ATENCAO,"CRITICO - utilizacao acima de "&TEXT(LIMITE_ATENCAO,"0%"),IF($N58>LIMITE_CONFORTAVEL,"ATENCAO - utilizacao acima de "&TEXT(LIMITE_CONFORTAVEL,"0%"),"OK - capacidade suficiente"))) -> OK - capacidade suficiente | Q58: =AUX_MATRIZES!BC150 -> 0.31251488 | R58: =AUX_MATRIZES!BC151 -> RM05 | S58: =IF($Q58>LIMITE_CRITICO,"INVIAVEL - demanda excede a capacidade em 21 h/dia",IF($Q58>LIMITE_ATENCAO,"CRITICO - utilizacao acima de "&TEXT(LIMITE_ATENCAO,"0%"),IF($Q58>LIMITE_CONFORTAVEL,"ATENCAO - utilizacao acima de "&TEXT(LIMITE_CONFORTAVEL,"0%"),"OK - capacidade suficiente"))) -> OK - capacidade suficiente | T58: =AUX_MATRIZES!BC152 -> 0.31251488 | U58: =AUX_MATRIZES!BC153 -> TR05 | V58: =IF($T58>LIMITE_CRITICO,"INVIAVEL - demanda excede a capacidade em 21 h/dia",IF($T58>LIMITE_ATENCAO,"CRITICO - utilizacao acima de "&TEXT(LIMITE_ATENCAO,"0%"),IF($T58>LIMITE_CONFORTAVEL,"ATENCAO - utilizacao acima de "&TEXT(LIMITE_CONFORTAVEL,"0%"),"OK - capacidade suficiente"))) -> OK - capacidade suficiente | W58: =AUX_MATRIZES!BC161 -> 641726.52
B59: =SEMANAS!$B$59 -> 54 | C59: =SEMANAS!$C$59 -> 46636 | D59: =SEMANAS!$D$59 -> 46642 | E59: =AUX_MATRIZES!BD140 -> 651357.16 | F59: =AUX_MATRIZES!BD156*SEMANAS!$K$59 -> 4470818.1 | G59: =IFERROR($E59/$F59,0) -> 0.14569082 | H59: =MAX(0,$E59-$F59) -> 0 | I59: =AUX_MATRIZES!BD158 -> 0 | J59: =AUX_MATRIZES!BD160 -> 0 | K59: =IFERROR(MAX(0,$E59/AUX_MATRIZES!BD156-SEMANAS!$K$59),0) -> 0 | L59: =IFERROR(MAX(0,$E59/SEMANAS!$K$59-AUX_MATRIZES!BD156),0) -> 0 | M59: =IF($G59>LIMITE_CRITICO,"INVIAVEL - demanda excede a capacidade em 21 h/dia",IF($G59>LIMITE_ATENCAO,"CRITICO - utilizacao acima de "&TEXT(LIMITE_ATENCAO,"0%"),IF($G59>LIMITE_CONFORTAVEL,"ATENCAO - utilizacao acima de "&TEXT(LIMITE_CONFORTAVEL,"0%"),"OK - capacidade suficiente"))) -> OK - capacidade suficiente | N59: =AUX_MATRIZES!BD148 -> 0.55746606 | O59: =AUX_MATRIZES!BD149 -> PV 118 | P59: =IF($N59>LIMITE_CRITICO,"INVIAVEL - demanda excede a capacidade em 21 h/dia",IF($N59>LIMITE_ATENCAO,"CRITICO - utilizacao acima de "&TEXT(LIMITE_ATENCAO,"0%"),IF($N59>LIMITE_CONFORTAVEL,"ATENCAO - utilizacao acima de "&TEXT(LIMITE_CONFORTAVEL,"0%"),"OK - capacidade suficiente"))) -> OK - capacidade suficiente | Q59: =AUX_MATRIZES!BD150 -> 0.3153432 | R59: =AUX_MATRIZES!BD151 -> RM05 | S59: =IF($Q59>LIMITE_CRITICO,"INVIAVEL - demanda excede a capacidade em 21 h/dia",IF($Q59>LIMITE_ATENCAO,"CRITICO - utilizacao acima de "&TEXT(LIMITE_ATENCAO,"0%"),IF($Q59>LIMITE_CONFORTAVEL,"ATENCAO - utilizacao acima de "&TEXT(LIMITE_CONFORTAVEL,"0%"),"OK - capacidade suficiente"))) -> OK - capacidade suficiente | T59: =AUX_MATRIZES!BD152 -> 0.3153432 | U59: =AUX_MATRIZES!BD153 -> TR05 | V59: =IF($T59>LIMITE_CRITICO,"INVIAVEL - demanda excede a capacidade em 21 h/dia",IF($T59>LIMITE_ATENCAO,"CRITICO - utilizacao acima de "&TEXT(LIMITE_ATENCAO,"0%"),IF($T59>LIMITE_CONFORTAVEL,"ATENCAO - utilizacao acima de "&TEXT(LIMITE_CONFORTAVEL,"0%"),"OK - capacidade suficiente"))) -> OK - capacidade suficiente | W59: =AUX_MATRIZES!BD161 -> 651357.16
B60: =SEMANAS!$B$60 -> 55 | C60: =SEMANAS!$C$60 -> 46643 | D60: =SEMANAS!$D$60 -> 46649 | E60: =AUX_MATRIZES!BE140 -> 644964.96 | F60: =AUX_MATRIZES!BE156*SEMANAS!$K$60 -> 4470818.1 | G60: =IFERROR($E60/$F60,0) -> 0.14426106 | H60: =MAX(0,$E60-$F60) -> 0 | I60: =AUX_MATRIZES!BE158 -> 0 | J60: =AUX_MATRIZES!BE160 -> 0 | K60: =IFERROR(MAX(0,$E60/AUX_MATRIZES!BE156-SEMANAS!$K$60),0) -> 0 | L60: =IFERROR(MAX(0,$E60/SEMANAS!$K$60-AUX_MATRIZES!BE156),0) -> 0 | M60: =IF($G60>LIMITE_CRITICO,"INVIAVEL - demanda excede a capacidade em 21 h/dia",IF($G60>LIMITE_ATENCAO,"CRITICO - utilizacao acima de "&TEXT(LIMITE_ATENCAO,"0%"),IF($G60>LIMITE_CONFORTAVEL,"ATENCAO - utilizacao acima de "&TEXT(LIMITE_CONFORTAVEL,"0%"),"OK - capacidade suficiente"))) -> OK - capacidade suficiente | N60: =AUX_MATRIZES!BE148 -> 0.55746606 | O60: =AUX_MATRIZES!BE149 -> PV 118 | P60: =IF($N60>LIMITE_CRITICO,"INVIAVEL - demanda excede a capacidade em 21 h/dia",IF($N60>LIMITE_ATENCAO,"CRITICO - utilizacao acima de "&TEXT(LIMITE_ATENCAO,"0%"),IF($N60>LIMITE_CONFORTAVEL,"ATENCAO - utilizacao acima de "&TEXT(LIMITE_CONFORTAVEL,"0%"),"OK - capacidade suficiente"))) -> OK - capacidade suficiente | Q60: =AUX_MATRIZES!BE150 -> 0.3153432 | R60: =AUX_MATRIZES!BE151 -> RM05 | S60: =IF($Q60>LIMITE_CRITICO,"INVIAVEL - demanda excede a capacidade em 21 h/dia",IF($Q60>LIMITE_ATENCAO,"CRITICO - utilizacao acima de "&TEXT(LIMITE_ATENCAO,"0%"),IF($Q60>LIMITE_CONFORTAVEL,"ATENCAO - utilizacao acima de "&TEXT(LIMITE_CONFORTAVEL,"0%"),"OK - capacidade suficiente"))) -> OK - capacidade suficiente | T60: =AUX_MATRIZES!BE152 -> 0.3153432 | U60: =AUX_MATRIZES!BE153 -> TR05 | V60: =IF($T60>LIMITE_CRITICO,"INVIAVEL - demanda excede a capacidade em 21 h/dia",IF($T60>LIMITE_ATENCAO,"CRITICO - utilizacao acima de "&TEXT(LIMITE_ATENCAO,"0%"),IF($T60>LIMITE_CONFORTAVEL,"ATENCAO - utilizacao acima de "&TEXT(LIMITE_CONFORTAVEL,"0%"),"OK - capacidade suficiente"))) -> OK - capacidade suficiente | W60: =AUX_MATRIZES!BE161 -> 644964.96
B61: =SEMANAS!$B$61 -> 56 | C61: =SEMANAS!$C$61 -> 46650 | D61: =SEMANAS!$D$61 -> 46656 | E61: =AUX_MATRIZES!BF140 -> 629794.71 | F61: =AUX_MATRIZES!BF156*SEMANAS!$K$61 -> 4470818.1 | G61: =IFERROR($E61/$F61,0) -> 0.14086789 | H61: =MAX(0,$E61-$F61) -> 0 | I61: =AUX_MATRIZES!BF158 -> 0 | J61: =AUX_MATRIZES!BF160 -> 0 | K61: =IFERROR(MAX(0,$E61/AUX_MATRIZES!BF156-SEMANAS!$K$61),0) -> 0 | L61: =IFERROR(MAX(0,$E61/SEMANAS!$K$61-AUX_MATRIZES!BF156),0) -> 0 | M61: =IF($G61>LIMITE_CRITICO,"INVIAVEL - demanda excede a capacidade em 21 h/dia",IF($G61>LIMITE_ATENCAO,"CRITICO - utilizacao acima de "&TEXT(LIMITE_ATENCAO,"0%"),IF($G61>LIMITE_CONFORTAVEL,"ATENCAO - utilizacao acima de "&TEXT(LIMITE_CONFORTAVEL,"0%"),"OK - capacidade suficiente"))) -> OK - capacidade suficiente | N61: =AUX_MATRIZES!BF148 -> 0.55746606 | O61: =AUX_MATRIZES!BF149 -> PV 118 | P61: =IF($N61>LIMITE_CRITICO,"INVIAVEL - demanda excede a capacidade em 21 h/dia",IF($N61>LIMITE_ATENCAO,"CRITICO - utilizacao acima de "&TEXT(LIMITE_ATENCAO,"0%"),IF($N61>LIMITE_CONFORTAVEL,"ATENCAO - utilizacao acima de "&TEXT(LIMITE_CONFORTAVEL,"0%"),"OK - capacidade suficiente"))) -> OK - capacidade suficiente | Q61: =AUX_MATRIZES!BF150 -> 0.30470528 | R61: =AUX_MATRIZES!BF151 -> RM05 | S61: =IF($Q61>LIMITE_CRITICO,"INVIAVEL - demanda excede a capacidade em 21 h/dia",IF($Q61>LIMITE_ATENCAO,"CRITICO - utilizacao acima de "&TEXT(LIMITE_ATENCAO,"0%"),IF($Q61>LIMITE_CONFORTAVEL,"ATENCAO - utilizacao acima de "&TEXT(LIMITE_CONFORTAVEL,"0%"),"OK - capacidade suficiente"))) -> OK - capacidade suficiente | T61: =AUX_MATRIZES!BF152 -> 0.30470528 | U61: =AUX_MATRIZES!BF153 -> TR05 | V61: =IF($T61>LIMITE_CRITICO,"INVIAVEL - demanda excede a capacidade em 21 h/dia",IF($T61>LIMITE_ATENCAO,"CRITICO - utilizacao acima de "&TEXT(LIMITE_ATENCAO,"0%"),IF($T61>LIMITE_CONFORTAVEL,"ATENCAO - utilizacao acima de "&TEXT(LIMITE_CONFORTAVEL,"0%"),"OK - capacidade suficiente"))) -> OK - capacidade suficiente | W61: =AUX_MATRIZES!BF161 -> 629794.71
B62: =SEMANAS!$B$62 -> 57 | C62: =SEMANAS!$C$62 -> 46657 | D62: =SEMANAS!$D$62 -> 46663 | E62: =AUX_MATRIZES!BG140 -> 490219.13 | F62: =AUX_MATRIZES!BG156*SEMANAS!$K$62 -> 4470818.1 | G62: =IFERROR($E62/$F62,0) -> 0.10964864 | H62: =MAX(0,$E62-$F62) -> 0 | I62: =AUX_MATRIZES!BG158 -> 0 | J62: =AUX_MATRIZES!BG160 -> 0 | K62: =IFERROR(MAX(0,$E62/AUX_MATRIZES!BG156-SEMANAS!$K$62),0) -> 0 | L62: =IFERROR(MAX(0,$E62/SEMANAS!$K$62-AUX_MATRIZES!BG156),0) -> 0 | M62: =IF($G62>LIMITE_CRITICO,"INVIAVEL - demanda excede a capacidade em 21 h/dia",IF($G62>LIMITE_ATENCAO,"CRITICO - utilizacao acima de "&TEXT(LIMITE_ATENCAO,"0%"),IF($G62>LIMITE_CONFORTAVEL,"ATENCAO - utilizacao acima de "&TEXT(LIMITE_CONFORTAVEL,"0%"),"OK - capacidade suficiente"))) -> OK - capacidade suficiente | N62: =AUX_MATRIZES!BG148 -> 0.45910795 | O62: =AUX_MATRIZES!BG149 -> PV 118 | P62: =IF($N62>LIMITE_CRITICO,"INVIAVEL - demanda excede a capacidade em 21 h/dia",IF($N62>LIMITE_ATENCAO,"CRITICO - utilizacao acima de "&TEXT(LIMITE_ATENCAO,"0%"),IF($N62>LIMITE_CONFORTAVEL,"ATENCAO - utilizacao acima de "&TEXT(LIMITE_CONFORTAVEL,"0%"),"OK - capacidade suficiente"))) -> OK - capacidade suficiente | Q62: =AUX_MATRIZES!BG150 -> 0.2271415 | R62: =AUX_MATRIZES!BG151 -> RM05 | S62: =IF($Q62>LIMITE_CRITICO,"INVIAVEL - demanda excede a capacidade em 21 h/dia",IF($Q62>LIMITE_ATENCAO,"CRITICO - utilizacao acima de "&TEXT(LIMITE_ATENCAO,"0%"),IF($Q62>LIMITE_CONFORTAVEL,"ATENCAO - utilizacao acima de "&TEXT(LIMITE_CONFORTAVEL,"0%"),"OK - capacidade suficiente"))) -> OK - capacidade suficiente | T62: =AUX_MATRIZES!BG152 -> 0.2271415 | U62: =AUX_MATRIZES!BG153 -> TR05 | V62: =IF($T62>LIMITE_CRITICO,"INVIAVEL - demanda excede a capacidade em 21 h/dia",IF($T62>LIMITE_ATENCAO,"CRITICO - utilizacao acima de "&TEXT(LIMITE_ATENCAO,"0%"),IF($T62>LIMITE_CONFORTAVEL,"ATENCAO - utilizacao acima de "&TEXT(LIMITE_CONFORTAVEL,"0%"),"OK - capacidade suficiente"))) -> OK - capacidade suficiente | W62: =AUX_MATRIZES!BG161 -> 490219.13
B63: =SEMANAS!$B$63 -> 58 | C63: =SEMANAS!$C$63 -> 46664 | D63: =SEMANAS!$D$63 -> 46670 | E63: =AUX_MATRIZES!BH140 -> 306488.48 | F63: =AUX_MATRIZES!BH156*SEMANAS!$K$63 -> 4470818.1 | G63: =IFERROR($E63/$F63,0) -> 0.068553109 | H63: =MAX(0,$E63-$F63) -> 0 | I63: =AUX_MATRIZES!BH158 -> 0 | J63: =AUX_MATRIZES!BH160 -> 0 | K63: =IFERROR(MAX(0,$E63/AUX_MATRIZES!BH156-SEMANAS!$K$63),0) -> 0 | L63: =IFERROR(MAX(0,$E63/SEMANAS!$K$63-AUX_MATRIZES!BH156),0) -> 0 | M63: =IF($G63>LIMITE_CRITICO,"INVIAVEL - demanda excede a capacidade em 21 h/dia",IF($G63>LIMITE_ATENCAO,"CRITICO - utilizacao acima de "&TEXT(LIMITE_ATENCAO,"0%"),IF($G63>LIMITE_CONFORTAVEL,"ATENCAO - utilizacao acima de "&TEXT(LIMITE_CONFORTAVEL,"0%"),"OK - capacidade suficiente"))) -> OK - capacidade suficiente | N63: =AUX_MATRIZES!BH148 -> 0.3279638 | O63: =AUX_MATRIZES!BH149 -> PV 118 | P63: =IF($N63>LIMITE_CRITICO,"INVIAVEL - demanda excede a capacidade em 21 h/dia",IF($N63>LIMITE_ATENCAO,"CRITICO - utilizacao acima de "&TEXT(LIMITE_ATENCAO,"0%"),IF($N63>LIMITE_CONFORTAVEL,"ATENCAO - utilizacao acima de "&TEXT(LIMITE_CONFORTAVEL,"0%"),"OK - capacidade suficiente"))) -> OK - capacidade suficiente | Q63: =AUX_MATRIZES!BH150 -> 0.13102702 | R63: =AUX_MATRIZES!BH151 -> RM05 | S63: =IF($Q63>LIMITE_CRITICO,"INVIAVEL - demanda excede a capacidade em 21 h/dia",IF($Q63>LIMITE_ATENCAO,"CRITICO - utilizacao acima de "&TEXT(LIMITE_ATENCAO,"0%"),IF($Q63>LIMITE_CONFORTAVEL,"ATENCAO - utilizacao acima de "&TEXT(LIMITE_CONFORTAVEL,"0%"),"OK - capacidade suficiente"))) -> OK - capacidade suficiente | T63: =AUX_MATRIZES!BH152 -> 0.13102702 | U63: =AUX_MATRIZES!BH153 -> TR05 | V63: =IF($T63>LIMITE_CRITICO,"INVIAVEL - demanda excede a capacidade em 21 h/dia",IF($T63>LIMITE_ATENCAO,"CRITICO - utilizacao acima de "&TEXT(LIMITE_ATENCAO,"0%"),IF($T63>LIMITE_CONFORTAVEL,"ATENCAO - utilizacao acima de "&TEXT(LIMITE_CONFORTAVEL,"0%"),"OK - capacidade suficiente"))) -> OK - capacidade suficiente | W63: =AUX_MATRIZES!BH161 -> 306488.48
B64: =SEMANAS!$B$64 -> 59 | C64: =SEMANAS!$C$64 -> 46671 | D64: =SEMANAS!$D$64 -> 46677 | E64: =AUX_MATRIZES!BI140 -> 271832.45 | F64: =AUX_MATRIZES!BI156*SEMANAS!$K$64 -> 4470818.1 | G64: =IFERROR($E64/$F64,0) -> 0.0608015 | H64: =MAX(0,$E64-$F64) -> 0 | I64: =AUX_MATRIZES!BI158 -> 0 | J64: =AUX_MATRIZES!BI160 -> 0 | K64: =IFERROR(MAX(0,$E64/AUX_MATRIZES!BI156-SEMANAS!$K$64),0) -> 0 | L64: =IFERROR(MAX(0,$E64/SEMANAS!$K$64-AUX_MATRIZES!BI156),0) -> 0 | M64: =IF($G64>LIMITE_CRITICO,"INVIAVEL - demanda excede a capacidade em 21 h/dia",IF($G64>LIMITE_ATENCAO,"CRITICO - utilizacao acima de "&TEXT(LIMITE_ATENCAO,"0%"),IF($G64>LIMITE_CONFORTAVEL,"ATENCAO - utilizacao acima de "&TEXT(LIMITE_CONFORTAVEL,"0%"),"OK - capacidade suficiente"))) -> OK - capacidade suficiente | N64: =AUX_MATRIZES!BI148 -> 0.3279638 | O64: =AUX_MATRIZES!BI149 -> PV 118 | P64: =IF($N64>LIMITE_CRITICO,"INVIAVEL - demanda excede a capacidade em 21 h/dia",IF($N64>LIMITE_ATENCAO,"CRITICO - utilizacao acima de "&TEXT(LIMITE_ATENCAO,"0%"),IF($N64>LIMITE_CONFORTAVEL,"ATENCAO - utilizacao acima de "&TEXT(LIMITE_CONFORTAVEL,"0%"),"OK - capacidade suficiente"))) -> OK - capacidade suficiente | Q64: =AUX_MATRIZES!BI150 -> 0.1118543 | R64: =AUX_MATRIZES!BI151 -> RM05 | S64: =IF($Q64>LIMITE_CRITICO,"INVIAVEL - demanda excede a capacidade em 21 h/dia",IF($Q64>LIMITE_ATENCAO,"CRITICO - utilizacao acima de "&TEXT(LIMITE_ATENCAO,"0%"),IF($Q64>LIMITE_CONFORTAVEL,"ATENCAO - utilizacao acima de "&TEXT(LIMITE_CONFORTAVEL,"0%"),"OK - capacidade suficiente"))) -> OK - capacidade suficiente | T64: =AUX_MATRIZES!BI152 -> 0.1118543 | U64: =AUX_MATRIZES!BI153 -> TR05 | V64: =IF($T64>LIMITE_CRITICO,"INVIAVEL - demanda excede a capacidade em 21 h/dia",IF($T64>LIMITE_ATENCAO,"CRITICO - utilizacao acima de "&TEXT(LIMITE_ATENCAO,"0%"),IF($T64>LIMITE_CONFORTAVEL,"ATENCAO - utilizacao acima de "&TEXT(LIMITE_CONFORTAVEL,"0%"),"OK - capacidade suficiente"))) -> OK - capacidade suficiente | W64: =AUX_MATRIZES!BI161 -> 271832.45
B65: =SEMANAS!$B$65 -> 60 | C65: =SEMANAS!$C$65 -> 46678 | D65: =SEMANAS!$D$65 -> 46684 | E65: =AUX_MATRIZES!BJ140 -> 226248.36 | F65: =AUX_MATRIZES!BJ156*SEMANAS!$K$65 -> 4470818.1 | G65: =IFERROR($E65/$F65,0) -> 0.050605583 | H65: =MAX(0,$E65-$F65) -> 0 | I65: =AUX_MATRIZES!BJ158 -> 0 | J65: =AUX_MATRIZES!BJ160 -> 0 | K65: =IFERROR(MAX(0,$E65/AUX_MATRIZES!BJ156-SEMANAS!$K$65),0) -> 0 | L65: =IFERROR(MAX(0,$E65/SEMANAS!$K$65-AUX_MATRIZES!BJ156),0) -> 0 | M65: =IF($G65>LIMITE_CRITICO,"INVIAVEL - demanda excede a capacidade em 21 h/dia",IF($G65>LIMITE_ATENCAO,"CRITICO - utilizacao acima de "&TEXT(LIMITE_ATENCAO,"0%"),IF($G65>LIMITE_CONFORTAVEL,"ATENCAO - utilizacao acima de "&TEXT(LIMITE_CONFORTAVEL,"0%"),"OK - capacidade suficiente"))) -> OK - capacidade suficiente | N65: =AUX_MATRIZES!BJ148 -> 0.31276018 | O65: =AUX_MATRIZES!BJ149 -> PV 118 | P65: =IF($N65>LIMITE_CRITICO,"INVIAVEL - demanda excede a capacidade em 21 h/dia",IF($N65>LIMITE_ATENCAO,"CRITICO - utilizacao acima de "&TEXT(LIMITE_ATENCAO,"0%"),IF($N65>LIMITE_CONFORTAVEL,"ATENCAO - utilizacao acima de "&TEXT(LIMITE_CONFORTAVEL,"0%"),"OK - capacidade suficiente"))) -> OK - capacidade suficiente | Q65: =AUX_MATRIZES!BJ150 -> 0.084923264 | R65: =AUX_MATRIZES!BJ151 -> RM05 | S65: =IF($Q65>LIMITE_CRITICO,"INVIAVEL - demanda excede a capacidade em 21 h/dia",IF($Q65>LIMITE_ATENCAO,"CRITICO - utilizacao acima de "&TEXT(LIMITE_ATENCAO,"0%"),IF($Q65>LIMITE_CONFORTAVEL,"ATENCAO - utilizacao acima de "&TEXT(LIMITE_CONFORTAVEL,"0%"),"OK - capacidade suficiente"))) -> OK - capacidade suficiente | T65: =AUX_MATRIZES!BJ152 -> 0.084923264 | U65: =AUX_MATRIZES!BJ153 -> TR05 | V65: =IF($T65>LIMITE_CRITICO,"INVIAVEL - demanda excede a capacidade em 21 h/dia",IF($T65>LIMITE_ATENCAO,"CRITICO - utilizacao acima de "&TEXT(LIMITE_ATENCAO,"0%"),IF($T65>LIMITE_CONFORTAVEL,"ATENCAO - utilizacao acima de "&TEXT(LIMITE_CONFORTAVEL,"0%"),"OK - capacidade suficiente"))) -> OK - capacidade suficiente | W65: =AUX_MATRIZES!BJ161 -> 226248.36
B66: =SEMANAS!$B$66 -> 61 | C66: =SEMANAS!$C$66 -> 46685 | D66: =SEMANAS!$D$66 -> 46691 | E66: =AUX_MATRIZES!BK140 -> 174486.74 | F66: =AUX_MATRIZES!BK156*SEMANAS!$K$66 -> 4470818.1 | G66: =IFERROR($E66/$F66,0) -> 0.039027923 | H66: =MAX(0,$E66-$F66) -> 0 | I66: =AUX_MATRIZES!BK158 -> 0 | J66: =AUX_MATRIZES!BK160 -> 0 | K66: =IFERROR(MAX(0,$E66/AUX_MATRIZES!BK156-SEMANAS!$K$66),0) -> 0 | L66: =IFERROR(MAX(0,$E66/SEMANAS!$K$66-AUX_MATRIZES!BK156),0) -> 0 | M66: =IF($G66>LIMITE_CRITICO,"INVIAVEL - demanda excede a capacidade em 21 h/dia",IF($G66>LIMITE_ATENCAO,"CRITICO - utilizacao acima de "&TEXT(LIMITE_ATENCAO,"0%"),IF($G66>LIMITE_CONFORTAVEL,"ATENCAO - utilizacao acima de "&TEXT(LIMITE_CONFORTAVEL,"0%"),"OK - capacidade suficiente"))) -> OK - capacidade suficiente | N66: =AUX_MATRIZES!BK148 -> 0.30453782 | O66: =AUX_MATRIZES!BK149 -> PV 120 | P66: =IF($N66>LIMITE_CRITICO,"INVIAVEL - demanda excede a capacidade em 21 h/dia",IF($N66>LIMITE_ATENCAO,"CRITICO - utilizacao acima de "&TEXT(LIMITE_ATENCAO,"0%"),IF($N66>LIMITE_CONFORTAVEL,"ATENCAO - utilizacao acima de "&TEXT(LIMITE_CONFORTAVEL,"0%"),"OK - capacidade suficiente"))) -> OK - capacidade suficiente | Q66: =AUX_MATRIZES!BK150 -> 0.061062071 | R66: =AUX_MATRIZES!BK151 -> RM07 | S66: =IF($Q66>LIMITE_CRITICO,"INVIAVEL - demanda excede a capacidade em 21 h/dia",IF($Q66>LIMITE_ATENCAO,"CRITICO - utilizacao acima de "&TEXT(LIMITE_ATENCAO,"0%"),IF($Q66>LIMITE_CONFORTAVEL,"ATENCAO - utilizacao acima de "&TEXT(LIMITE_CONFORTAVEL,"0%"),"OK - capacidade suficiente"))) -> OK - capacidade suficiente | T66: =AUX_MATRIZES!BK152 -> 0.061062071 | U66: =AUX_MATRIZES!BK153 -> TR07 | V66: =IF($T66>LIMITE_CRITICO,"INVIAVEL - demanda excede a capacidade em 21 h/dia",IF($T66>LIMITE_ATENCAO,"CRITICO - utilizacao acima de "&TEXT(LIMITE_ATENCAO,"0%"),IF($T66>LIMITE_CONFORTAVEL,"ATENCAO - utilizacao acima de "&TEXT(LIMITE_CONFORTAVEL,"0%"),"OK - capacidade suficiente"))) -> OK - capacidade suficiente | W66: =AUX_MATRIZES!BK161 -> 174486.74
B67: =SEMANAS!$B$67 -> 62 | C67: =SEMANAS!$C$67 -> 46692 | D67: =SEMANAS!$D$67 -> 46698 | E67: =AUX_MATRIZES!BL140 -> 1235.6244 | F67: =AUX_MATRIZES!BL156*SEMANAS!$K$67 -> 4470818.1 | G67: =IFERROR($E67/$F67,0) -> 0.00027637545 | H67: =MAX(0,$E67-$F67) -> 0 | I67: =AUX_MATRIZES!BL158 -> 0 | J67: =AUX_MATRIZES!BL160 -> 0 | K67: =IFERROR(MAX(0,$E67/AUX_MATRIZES!BL156-SEMANAS!$K$67),0) -> 0 | L67: =IFERROR(MAX(0,$E67/SEMANAS!$K$67-AUX_MATRIZES!BL156),0) -> 0 | M67: =IF($G67>LIMITE_CRITICO,"INVIAVEL - demanda excede a capacidade em 21 h/dia",IF($G67>LIMITE_ATENCAO,"CRITICO - utilizacao acima de "&TEXT(LIMITE_ATENCAO,"0%"),IF($G67>LIMITE_CONFORTAVEL,"ATENCAO - utilizacao acima de "&TEXT(LIMITE_CONFORTAVEL,"0%"),"OK - capacidade suficiente"))) -> OK - capacidade suficiente | N67: =AUX_MATRIZES!BL148 -> 0.0086554622 | O67: =AUX_MATRIZES!BL149 -> PV 120 | P67: =IF($N67>LIMITE_CRITICO,"INVIAVEL - demanda excede a capacidade em 21 h/dia",IF($N67>LIMITE_ATENCAO,"CRITICO - utilizacao acima de "&TEXT(LIMITE_ATENCAO,"0%"),IF($N67>LIMITE_CONFORTAVEL,"ATENCAO - utilizacao acima de "&TEXT(LIMITE_CONFORTAVEL,"0%"),"OK - capacidade suficiente"))) -> OK - capacidade suficiente | Q67: =AUX_MATRIZES!BL150 -> 0.0010128813 | R67: =AUX_MATRIZES!BL151 -> RM07 | S67: =IF($Q67>LIMITE_CRITICO,"INVIAVEL - demanda excede a capacidade em 21 h/dia",IF($Q67>LIMITE_ATENCAO,"CRITICO - utilizacao acima de "&TEXT(LIMITE_ATENCAO,"0%"),IF($Q67>LIMITE_CONFORTAVEL,"ATENCAO - utilizacao acima de "&TEXT(LIMITE_CONFORTAVEL,"0%"),"OK - capacidade suficiente"))) -> OK - capacidade suficiente | T67: =AUX_MATRIZES!BL152 -> 0.0010128813 | U67: =AUX_MATRIZES!BL153 -> TR07 | V67: =IF($T67>LIMITE_CRITICO,"INVIAVEL - demanda excede a capacidade em 21 h/dia",IF($T67>LIMITE_ATENCAO,"CRITICO - utilizacao acima de "&TEXT(LIMITE_ATENCAO,"0%"),IF($T67>LIMITE_CONFORTAVEL,"ATENCAO - utilizacao acima de "&TEXT(LIMITE_CONFORTAVEL,"0%"),"OK - capacidade suficiente"))) -> OK - capacidade suficiente | W67: =AUX_MATRIZES!BL161 -> 1235.6244
B68: =SEMANAS!$B$68 -> 63 | C68: =SEMANAS!$C$68 -> 46699 | D68: =SEMANAS!$D$68 -> 46705 | E68: =AUX_MATRIZES!BM140 -> 0 | F68: =AUX_MATRIZES!BM156*SEMANAS!$K$68 -> 4470818.1 | G68: =IFERROR($E68/$F68,0) -> 0 | H68: =MAX(0,$E68-$F68) -> 0 | I68: =AUX_MATRIZES!BM158 -> 0 | J68: =AUX_MATRIZES!BM160 -> 0 | K68: =IFERROR(MAX(0,$E68/AUX_MATRIZES!BM156-SEMANAS!$K$68),0) -> 0 | L68: =IFERROR(MAX(0,$E68/SEMANAS!$K$68-AUX_MATRIZES!BM156),0) -> 0 | M68: =IF($G68>LIMITE_CRITICO,"INVIAVEL - demanda excede a capacidade em 21 h/dia",IF($G68>LIMITE_ATENCAO,"CRITICO - utilizacao acima de "&TEXT(LIMITE_ATENCAO,"0%"),IF($G68>LIMITE_CONFORTAVEL,"ATENCAO - utilizacao acima de "&TEXT(LIMITE_CONFORTAVEL,"0%"),"OK - capacidade suficiente"))) -> OK - capacidade suficiente | N68: =AUX_MATRIZES!BM148 -> 0 | O68: =AUX_MATRIZES!BM149 -> PV 109 | P68: =IF($N68>LIMITE_CRITICO,"INVIAVEL - demanda excede a capacidade em 21 h/dia",IF($N68>LIMITE_ATENCAO,"CRITICO - utilizacao acima de "&TEXT(LIMITE_ATENCAO,"0%"),IF($N68>LIMITE_CONFORTAVEL,"ATENCAO - utilizacao acima de "&TEXT(LIMITE_CONFORTAVEL,"0%"),"OK - capacidade suficiente"))) -> OK - capacidade suficiente | Q68: =AUX_MATRIZES!BM150 -> 0 | R68: =AUX_MATRIZES!BM151 -> RM01 | S68: =IF($Q68>LIMITE_CRITICO,"INVIAVEL - demanda excede a capacidade em 21 h/dia",IF($Q68>LIMITE_ATENCAO,"CRITICO - utilizacao acima de "&TEXT(LIMITE_ATENCAO,"0%"),IF($Q68>LIMITE_CONFORTAVEL,"ATENCAO - utilizacao acima de "&TEXT(LIMITE_CONFORTAVEL,"0%"),"OK - capacidade suficiente"))) -> OK - capacidade suficiente | T68: =AUX_MATRIZES!BM152 -> 0 | U68: =AUX_MATRIZES!BM153 -> TR01 | V68: =IF($T68>LIMITE_CRITICO,"INVIAVEL - demanda excede a capacidade em 21 h/dia",IF($T68>LIMITE_ATENCAO,"CRITICO - utilizacao acima de "&TEXT(LIMITE_ATENCAO,"0%"),IF($T68>LIMITE_CONFORTAVEL,"ATENCAO - utilizacao acima de "&TEXT(LIMITE_CONFORTAVEL,"0%"),"OK - capacidade suficiente"))) -> OK - capacidade suficiente | W68: =AUX_MATRIZES!BM161 -> 6.3e-05
B69: =SEMANAS!$B$69 -> 64 | C69: =SEMANAS!$C$69 -> 46706 | D69: =SEMANAS!$D$69 -> 46712 | E69: =AUX_MATRIZES!BN140 -> 0 | F69: =AUX_MATRIZES!BN156*SEMANAS!$K$69 -> 4470818.1 | G69: =IFERROR($E69/$F69,0) -> 0 | H69: =MAX(0,$E69-$F69) -> 0 | I69: =AUX_MATRIZES!BN158 -> 0 | J69: =AUX_MATRIZES!BN160 -> 0 | K69: =IFERROR(MAX(0,$E69/AUX_MATRIZES!BN156-SEMANAS!$K$69),0) -> 0 | L69: =IFERROR(MAX(0,$E69/SEMANAS!$K$69-AUX_MATRIZES!BN156),0) -> 0 | M69: =IF($G69>LIMITE_CRITICO,"INVIAVEL - demanda excede a capacidade em 21 h/dia",IF($G69>LIMITE_ATENCAO,"CRITICO - utilizacao acima de "&TEXT(LIMITE_ATENCAO,"0%"),IF($G69>LIMITE_CONFORTAVEL,"ATENCAO - utilizacao acima de "&TEXT(LIMITE_CONFORTAVEL,"0%"),"OK - capacidade suficiente"))) -> OK - capacidade suficiente | N69: =AUX_MATRIZES!BN148 -> 0 | O69: =AUX_MATRIZES!BN149 -> PV 109 | P69: =IF($N69>LIMITE_CRITICO,"INVIAVEL - demanda excede a capacidade em 21 h/dia",IF($N69>LIMITE_ATENCAO,"CRITICO - utilizacao acima de "&TEXT(LIMITE_ATENCAO,"0%"),IF($N69>LIMITE_CONFORTAVEL,"ATENCAO - utilizacao acima de "&TEXT(LIMITE_CONFORTAVEL,"0%"),"OK - capacidade suficiente"))) -> OK - capacidade suficiente | Q69: =AUX_MATRIZES!BN150 -> 0 | R69: =AUX_MATRIZES!BN151 -> RM01 | S69: =IF($Q69>LIMITE_CRITICO,"INVIAVEL - demanda excede a capacidade em 21 h/dia",IF($Q69>LIMITE_ATENCAO,"CRITICO - utilizacao acima de "&TEXT(LIMITE_ATENCAO,"0%"),IF($Q69>LIMITE_CONFORTAVEL,"ATENCAO - utilizacao acima de "&TEXT(LIMITE_CONFORTAVEL,"0%"),"OK - capacidade suficiente"))) -> OK - capacidade suficiente | T69: =AUX_MATRIZES!BN152 -> 0 | U69: =AUX_MATRIZES!BN153 -> TR01 | V69: =IF($T69>LIMITE_CRITICO,"INVIAVEL - demanda excede a capacidade em 21 h/dia",IF($T69>LIMITE_ATENCAO,"CRITICO - utilizacao acima de "&TEXT(LIMITE_ATENCAO,"0%"),IF($T69>LIMITE_CONFORTAVEL,"ATENCAO - utilizacao acima de "&TEXT(LIMITE_CONFORTAVEL,"0%"),"OK - capacidade suficiente"))) -> OK - capacidade suficiente | W69: =AUX_MATRIZES!BN161 -> 6.4e-05
B70: =SEMANAS!$B$70 -> 65 | C70: =SEMANAS!$C$70 -> 46713 | D70: =SEMANAS!$D$70 -> 46719 | E70: =AUX_MATRIZES!BO140 -> 0 | F70: =AUX_MATRIZES!BO156*SEMANAS!$K$70 -> 4470818.1 | G70: =IFERROR($E70/$F70,0) -> 0 | H70: =MAX(0,$E70-$F70) -> 0 | I70: =AUX_MATRIZES!BO158 -> 0 | J70: =AUX_MATRIZES!BO160 -> 0 | K70: =IFERROR(MAX(0,$E70/AUX_MATRIZES!BO156-SEMANAS!$K$70),0) -> 0 | L70: =IFERROR(MAX(0,$E70/SEMANAS!$K$70-AUX_MATRIZES!BO156),0) -> 0 | M70: =IF($G70>LIMITE_CRITICO,"INVIAVEL - demanda excede a capacidade em 21 h/dia",IF($G70>LIMITE_ATENCAO,"CRITICO - utilizacao acima de "&TEXT(LIMITE_ATENCAO,"0%"),IF($G70>LIMITE_CONFORTAVEL,"ATENCAO - utilizacao acima de "&TEXT(LIMITE_CONFORTAVEL,"0%"),"OK - capacidade suficiente"))) -> OK - capacidade suficiente | N70: =AUX_MATRIZES!BO148 -> 0 | O70: =AUX_MATRIZES!BO149 -> PV 109 | P70: =IF($N70>LIMITE_CRITICO,"INVIAVEL - demanda excede a capacidade em 21 h/dia",IF($N70>LIMITE_ATENCAO,"CRITICO - utilizacao acima de "&TEXT(LIMITE_ATENCAO,"0%"),IF($N70>LIMITE_CONFORTAVEL,"ATENCAO - utilizacao acima de "&TEXT(LIMITE_CONFORTAVEL,"0%"),"OK - capacidade suficiente"))) -> OK - capacidade suficiente | Q70: =AUX_MATRIZES!BO150 -> 0 | R70: =AUX_MATRIZES!BO151 -> RM01 | S70: =IF($Q70>LIMITE_CRITICO,"INVIAVEL - demanda excede a capacidade em 21 h/dia",IF($Q70>LIMITE_ATENCAO,"CRITICO - utilizacao acima de "&TEXT(LIMITE_ATENCAO,"0%"),IF($Q70>LIMITE_CONFORTAVEL,"ATENCAO - utilizacao acima de "&TEXT(LIMITE_CONFORTAVEL,"0%"),"OK - capacidade suficiente"))) -> OK - capacidade suficiente | T70: =AUX_MATRIZES!BO152 -> 0 | U70: =AUX_MATRIZES!BO153 -> TR01 | V70: =IF($T70>LIMITE_CRITICO,"INVIAVEL - demanda excede a capacidade em 21 h/dia",IF($T70>LIMITE_ATENCAO,"CRITICO - utilizacao acima de "&TEXT(LIMITE_ATENCAO,"0%"),IF($T70>LIMITE_CONFORTAVEL,"ATENCAO - utilizacao acima de "&TEXT(LIMITE_CONFORTAVEL,"0%"),"OK - capacidade suficiente"))) -> OK - capacidade suficiente | W70: =AUX_MATRIZES!BO161 -> 6.5e-05
B71: =SEMANAS!$B$71 -> 66 | C71: =SEMANAS!$C$71 -> 46720 | D71: =SEMANAS!$D$71 -> 46726 | E71: =AUX_MATRIZES!BP140 -> 0 | F71: =AUX_MATRIZES!BP156*SEMANAS!$K$71 -> 4470818.1 | G71: =IFERROR($E71/$F71,0) -> 0 | H71: =MAX(0,$E71-$F71) -> 0 | I71: =AUX_MATRIZES!BP158 -> 0 | J71: =AUX_MATRIZES!BP160 -> 0 | K71: =IFERROR(MAX(0,$E71/AUX_MATRIZES!BP156-SEMANAS!$K$71),0) -> 0 | L71: =IFERROR(MAX(0,$E71/SEMANAS!$K$71-AUX_MATRIZES!BP156),0) -> 0 | M71: =IF($G71>LIMITE_CRITICO,"INVIAVEL - demanda excede a capacidade em 21 h/dia",IF($G71>LIMITE_ATENCAO,"CRITICO - utilizacao acima de "&TEXT(LIMITE_ATENCAO,"0%"),IF($G71>LIMITE_CONFORTAVEL,"ATENCAO - utilizacao acima de "&TEXT(LIMITE_CONFORTAVEL,"0%"),"OK - capacidade suficiente"))) -> OK - capacidade suficiente | N71: =AUX_MATRIZES!BP148 -> 0 | O71: =AUX_MATRIZES!BP149 -> PV 109 | P71: =IF($N71>LIMITE_CRITICO,"INVIAVEL - demanda excede a capacidade em 21 h/dia",IF($N71>LIMITE_ATENCAO,"CRITICO - utilizacao acima de "&TEXT(LIMITE_ATENCAO,"0%"),IF($N71>LIMITE_CONFORTAVEL,"ATENCAO - utilizacao acima de "&TEXT(LIMITE_CONFORTAVEL,"0%"),"OK - capacidade suficiente"))) -> OK - capacidade suficiente | Q71: =AUX_MATRIZES!BP150 -> 0 | R71: =AUX_MATRIZES!BP151 -> RM01 | S71: =IF($Q71>LIMITE_CRITICO,"INVIAVEL - demanda excede a capacidade em 21 h/dia",IF($Q71>LIMITE_ATENCAO,"CRITICO - utilizacao acima de "&TEXT(LIMITE_ATENCAO,"0%"),IF($Q71>LIMITE_CONFORTAVEL,"ATENCAO - utilizacao acima de "&TEXT(LIMITE_CONFORTAVEL,"0%"),"OK - capacidade suficiente"))) -> OK - capacidade suficiente | T71: =AUX_MATRIZES!BP152 -> 0 | U71: =AUX_MATRIZES!BP153 -> TR01 | V71: =IF($T71>LIMITE_CRITICO,"INVIAVEL - demanda excede a capacidade em 21 h/dia",IF($T71>LIMITE_ATENCAO,"CRITICO - utilizacao acima de "&TEXT(LIMITE_ATENCAO,"0%"),IF($T71>LIMITE_CONFORTAVEL,"ATENCAO - utilizacao acima de "&TEXT(LIMITE_CONFORTAVEL,"0%"),"OK - capacidade suficiente"))) -> OK - capacidade suficiente | W71: =AUX_MATRIZES!BP161 -> 6.6e-05
B73: TOTAIS DA SAFRA
B74: Volume necessario na safra (m3) | F74: =SUM($E$6:$E$71) -> 25082950
B75: Semana de pico de volume | F75: =INDEX($B$6:$B$71,MATCH(MAX($E$6:$E$71),$E$6:$E$71,0)) -> 36
B76: Volume da semana de pico (m3) | F76: =MAX($E$6:$E$71) -> 1196823.5
B77: Maior utilizacao do sistema (%) | F77: =MAX($G$6:$G$71) -> 0.26769677
B78: Semanas com utilizacao acima de 100% | F78: =COUNTIF($G$6:$G$71,">"&LIMITE_CRITICO) -> 0
B79: Deficit total de volume na safra (m3) | F79: =SUM($H$6:$H$71) -> 0

Sheet TOP10_SEMANAS
B2: TOP 10 SEMANAS CRITICAS DA SAFRA
B3: Ranking automatico pelo volume de irrigacao necessario na semana.
B5: Posicao | C5: Semana | D5: Data inicial | E5: ETo (mm) | F5: ETc (mm) | G5: Chuva util (mm) | H5: Area irrigada ativa (ha) | I5: Volume necessario (m3) | J5: Vazao media requerida (m3/h) | K5: Utilizacao do sistema (%) | L5: Casa mais critica | M5: Trecho mais critico
B6: 1 | C6: =IFERROR(INDEX(CAPACIDADE_21H!$B$6:$B$71,MATCH(LARGE(CAPACIDADE_21H!$W$6:$W$71,$B6),CAPACIDADE_21H!$W$6:$W$71,0)),"-") -> 36 | D6: =IFERROR(INDEX(CAPACIDADE_21H!$C$6:$C$71,MATCH($C6,CAPACIDADE_21H!$B$6:$B$71,0)),"") -> 46510 | E6: =IFERROR(INDEX(AUX_MATRIZES!$C$142:$BP$142,MATCH($C6,AUX_MATRIZES!$C$139:$BP$139,0)),0) -> 29.4 | F6: =IFERROR(INDEX(AUX_MATRIZES!$C$143:$BP$143,MATCH($C6,AUX_MATRIZES!$C$139:$BP$139,0)),0) -> 31.488911 | G6: =IFERROR(INDEX(AUX_MATRIZES!$C$144:$BP$144,MATCH($C6,AUX_MATRIZES!$C$139:$BP$139,0)),0) -> 2.688 | H6: =IFERROR(INDEX(AUX_MATRIZES!$C$141:$BP$141,MATCH($C6,AUX_MATRIZES!$C$139:$BP$139,0)),0) -> 3532.18 | I6: =IFERROR(INDEX(AUX_MATRIZES!$C$140:$BP$140,MATCH($C6,AUX_MATRIZES!$C$139:$BP$139,0)),0) -> 1196823.5 | J6: =IFERROR(INDEX(AUX_MATRIZES!$C$155:$BP$155,MATCH($C6,AUX_MATRIZES!$C$139:$BP$139,0)),0) -> 8141.6568 | K6: =IFERROR(INDEX(CAPACIDADE_21H!$G$6:$G$71,MATCH($C6,CAPACIDADE_21H!$B$6:$B$71,0)),0) -> 0.26769677 | L6: =IFERROR(INDEX(AUX_MATRIZES!$C$151:$BP$151,MATCH($C6,AUX_MATRIZES!$C$139:$BP$139,0)),"-") -> RM01 | M6: =IFERROR(INDEX(AUX_MATRIZES!$C$153:$BP$153,MATCH($C6,AUX_MATRIZES!$C$139:$BP$139,0)),"-") -> TR01
B7: 2 | C7: =IFERROR(INDEX(CAPACIDADE_21H!$B$6:$B$71,MATCH(LARGE(CAPACIDADE_21H!$W$6:$W$71,$B7),CAPACIDADE_21H!$W$6:$W$71,0)),"-") -> 37 | D7: =IFERROR(INDEX(CAPACIDADE_21H!$C$6:$C$71,MATCH($C7,CAPACIDADE_21H!$B$6:$B$71,0)),"") -> 46517 | E7: =IFERROR(INDEX(AUX_MATRIZES!$C$142:$BP$142,MATCH($C7,AUX_MATRIZES!$C$139:$BP$139,0)),0) -> 29.4 | F7: =IFERROR(INDEX(AUX_MATRIZES!$C$143:$BP$143,MATCH($C7,AUX_MATRIZES!$C$139:$BP$139,0)),0) -> 29.562885 | G7: =IFERROR(INDEX(AUX_MATRIZES!$C$144:$BP$144,MATCH($C7,AUX_MATRIZES!$C$139:$BP$139,0)),0) -> 2.688 | H7: =IFERROR(INDEX(AUX_MATRIZES!$C$141:$BP$141,MATCH($C7,AUX_MATRIZES!$C$139:$BP$139,0)),0) -> 3672.12 | I7: =IFERROR(INDEX(AUX_MATRIZES!$C$140:$BP$140,MATCH($C7,AUX_MATRIZES!$C$139:$BP$139,0)),0) -> 1161033 | J7: =IFERROR(INDEX(AUX_MATRIZES!$C$155:$BP$155,MATCH($C7,AUX_MATRIZES!$C$139:$BP$139,0)),0) -> 7898.1835 | K7: =IFERROR(INDEX(CAPACIDADE_21H!$G$6:$G$71,MATCH($C7,CAPACIDADE_21H!$B$6:$B$71,0)),0) -> 0.25969139 | L7: =IFERROR(INDEX(AUX_MATRIZES!$C$151:$BP$151,MATCH($C7,AUX_MATRIZES!$C$139:$BP$139,0)),"-") -> RM01 | M7: =IFERROR(INDEX(AUX_MATRIZES!$C$153:$BP$153,MATCH($C7,AUX_MATRIZES!$C$139:$BP$139,0)),"-") -> TR01
B8: 3 | C8: =IFERROR(INDEX(CAPACIDADE_21H!$B$6:$B$71,MATCH(LARGE(CAPACIDADE_21H!$W$6:$W$71,$B8),CAPACIDADE_21H!$W$6:$W$71,0)),"-") -> 38 | D8: =IFERROR(INDEX(CAPACIDADE_21H!$C$6:$C$71,MATCH($C8,CAPACIDADE_21H!$B$6:$B$71,0)),"") -> 46524 | E8: =IFERROR(INDEX(AUX_MATRIZES!$C$142:$BP$142,MATCH($C8,AUX_MATRIZES!$C$139:$BP$139,0)),0) -> 29.4 | F8: =IFERROR(INDEX(AUX_MATRIZES!$C$143:$BP$143,MATCH($C8,AUX_MATRIZES!$C$139:$BP$139,0)),0) -> 28.491372 | G8: =IFERROR(INDEX(AUX_MATRIZES!$C$144:$BP$144,MATCH($C8,AUX_MATRIZES!$C$139:$BP$139,0)),0) -> 2.688 | H8: =IFERROR(INDEX(AUX_MATRIZES!$C$141:$BP$141,MATCH($C8,AUX_MATRIZES!$C$139:$BP$139,0)),0) -> 3672.12 | I8: =IFERROR(INDEX(AUX_MATRIZES!$C$140:$BP$140,MATCH($C8,AUX_MATRIZES!$C$139:$BP$139,0)),0) -> 1114742.1 | J8: =IFERROR(INDEX(AUX_MATRIZES!$C$155:$BP$155,MATCH($C8,AUX_MATRIZES!$C$139:$BP$139,0)),0) -> 7583.2796 | K8: =IFERROR(INDEX(CAPACIDADE_21H!$G$6:$G$71,MATCH($C8,CAPACIDADE_21H!$B$6:$B$71,0)),0) -> 0.24933739 | L8: =IFERROR(INDEX(AUX_MATRIZES!$C$151:$BP$151,MATCH($C8,AUX_MATRIZES!$C$139:$BP$139,0)),"-") -> RM01 | M8: =IFERROR(INDEX(AUX_MATRIZES!$C$153:$BP$153,MATCH($C8,AUX_MATRIZES!$C$139:$BP$139,0)),"-") -> TR01
B9: 4 | C9: =IFERROR(INDEX(CAPACIDADE_21H!$B$6:$B$71,MATCH(LARGE(CAPACIDADE_21H!$W$6:$W$71,$B9),CAPACIDADE_21H!$W$6:$W$71,0)),"-") -> 39 | D9: =IFERROR(INDEX(CAPACIDADE_21H!$C$6:$C$71,MATCH($C9,CAPACIDADE_21H!$B$6:$B$71,0)),"") -> 46531 | E9: =IFERROR(INDEX(AUX_MATRIZES!$C$142:$BP$142,MATCH($C9,AUX_MATRIZES!$C$139:$BP$139,0)),0) -> 29.4 | F9: =IFERROR(INDEX(AUX_MATRIZES!$C$143:$BP$143,MATCH($C9,AUX_MATRIZES!$C$139:$BP$139,0)),0) -> 27.597766 | G9: =IFERROR(INDEX(AUX_MATRIZES!$C$144:$BP$144,MATCH($C9,AUX_MATRIZES!$C$139:$BP$139,0)),0) -> 2.688 | H9: =IFERROR(INDEX(AUX_MATRIZES!$C$141:$BP$141,MATCH($C9,AUX_MATRIZES!$C$139:$BP$139,0)),0) -> 3532.18 | I9: =IFERROR(INDEX(AUX_MATRIZES!$C$140:$BP$140,MATCH($C9,AUX_MATRIZES!$C$139:$BP$139,0)),0) -> 1035126.8 | J9: =IFERROR(INDEX(AUX_MATRIZES!$C$155:$BP$155,MATCH($C9,AUX_MATRIZES!$C$139:$BP$139,0)),0) -> 7041.6787 | K9: =IFERROR(INDEX(CAPACIDADE_21H!$G$6:$G$71,MATCH($C9,CAPACIDADE_21H!$B$6:$B$71,0)),0) -> 0.23152961 | L9: =IFERROR(INDEX(AUX_MATRIZES!$C$151:$BP$151,MATCH($C9,AUX_MATRIZES!$C$139:$BP$139,0)),"-") -> RM01 | M9: =IFERROR(INDEX(AUX_MATRIZES!$C$153:$BP$153,MATCH($C9,AUX_MATRIZES!$C$139:$BP$139,0)),"-") -> TR01
B10: 5 | C10: =IFERROR(INDEX(CAPACIDADE_21H!$B$6:$B$71,MATCH(LARGE(CAPACIDADE_21H!$W$6:$W$71,$B10),CAPACIDADE_21H!$W$6:$W$71,0)),"-") -> 40 | D10: =IFERROR(INDEX(CAPACIDADE_21H!$C$6:$C$71,MATCH($C10,CAPACIDADE_21H!$B$6:$B$71,0)),"") -> 46538 | E10: =IFERROR(INDEX(AUX_MATRIZES!$C$142:$BP$142,MATCH($C10,AUX_MATRIZES!$C$139:$BP$139,0)),0) -> 28.2 | F10: =IFERROR(INDEX(AUX_MATRIZES!$C$143:$BP$143,MATCH($C10,AUX_MATRIZES!$C$139:$BP$139,0)),0) -> 24.239341 | G10: =IFERROR(INDEX(AUX_MATRIZES!$C$144:$BP$144,MATCH($C10,AUX_MATRIZES!$C$139:$BP$139,0)),0) -> 1.2 | H10: =IFERROR(INDEX(AUX_MATRIZES!$C$141:$BP$141,MATCH($C10,AUX_MATRIZES!$C$139:$BP$139,0)),0) -> 3672.16 | I10: =IFERROR(INDEX(AUX_MATRIZES!$C$140:$BP$140,MATCH($C10,AUX_MATRIZES!$C$139:$BP$139,0)),0) -> 995342.92 | J10: =IFERROR(INDEX(AUX_MATRIZES!$C$155:$BP$155,MATCH($C10,AUX_MATRIZES!$C$139:$BP$139,0)),0) -> 6771.0402 | K10: =IFERROR(INDEX(CAPACIDADE_21H!$G$6:$G$71,MATCH($C10,CAPACIDADE_21H!$B$6:$B$71,0)),0) -> 0.22263105 | L10: =IFERROR(INDEX(AUX_MATRIZES!$C$151:$BP$151,MATCH($C10,AUX_MATRIZES!$C$139:$BP$139,0)),"-") -> RM01 | M10: =IFERROR(INDEX(AUX_MATRIZES!$C$153:$BP$153,MATCH($C10,AUX_MATRIZES!$C$139:$BP$139,0)),"-") -> TR01
B11: 6 | C11: =IFERROR(INDEX(CAPACIDADE_21H!$B$6:$B$71,MATCH(LARGE(CAPACIDADE_21H!$W$6:$W$71,$B11),CAPACIDADE_21H!$W$6:$W$71,0)),"-") -> 35 | D11: =IFERROR(INDEX(CAPACIDADE_21H!$C$6:$C$71,MATCH($C11,CAPACIDADE_21H!$B$6:$B$71,0)),"") -> 46503 | E11: =IFERROR(INDEX(AUX_MATRIZES!$C$142:$BP$142,MATCH($C11,AUX_MATRIZES!$C$139:$BP$139,0)),0) -> 30.9 | F11: =IFERROR(INDEX(AUX_MATRIZES!$C$143:$BP$143,MATCH($C11,AUX_MATRIZES!$C$139:$BP$139,0)),0) -> 33.914529 | G11: =IFERROR(INDEX(AUX_MATRIZES!$C$144:$BP$144,MATCH($C11,AUX_MATRIZES!$C$139:$BP$139,0)),0) -> 10.088 | H11: =IFERROR(INDEX(AUX_MATRIZES!$C$141:$BP$141,MATCH($C11,AUX_MATRIZES!$C$139:$BP$139,0)),0) -> 3532.18 | I11: =IFERROR(INDEX(AUX_MATRIZES!$C$140:$BP$140,MATCH($C11,AUX_MATRIZES!$C$139:$BP$139,0)),0) -> 990112.83 | J11: =IFERROR(INDEX(AUX_MATRIZES!$C$155:$BP$155,MATCH($C11,AUX_MATRIZES!$C$139:$BP$139,0)),0) -> 6735.4614 | K11: =IFERROR(INDEX(CAPACIDADE_21H!$G$6:$G$71,MATCH($C11,CAPACIDADE_21H!$B$6:$B$71,0)),0) -> 0.22146122 | L11: =IFERROR(INDEX(AUX_MATRIZES!$C$151:$BP$151,MATCH($C11,AUX_MATRIZES!$C$139:$BP$139,0)),"-") -> RM01 | M11: =IFERROR(INDEX(AUX_MATRIZES!$C$153:$BP$153,MATCH($C11,AUX_MATRIZES!$C$139:$BP$139,0)),"-") -> TR01
B12: 7 | C12: =IFERROR(INDEX(CAPACIDADE_21H!$B$6:$B$71,MATCH(LARGE(CAPACIDADE_21H!$W$6:$W$71,$B12),CAPACIDADE_21H!$W$6:$W$71,0)),"-") -> 41 | D12: =IFERROR(INDEX(CAPACIDADE_21H!$C$6:$C$71,MATCH($C12,CAPACIDADE_21H!$B$6:$B$71,0)),"") -> 46545 | E12: =IFERROR(INDEX(AUX_MATRIZES!$C$142:$BP$142,MATCH($C12,AUX_MATRIZES!$C$139:$BP$139,0)),0) -> 28 | F12: =IFERROR(INDEX(AUX_MATRIZES!$C$143:$BP$143,MATCH($C12,AUX_MATRIZES!$C$139:$BP$139,0)),0) -> 22.631725 | G12: =IFERROR(INDEX(AUX_MATRIZES!$C$144:$BP$144,MATCH($C12,AUX_MATRIZES!$C$139:$BP$139,0)),0) -> 0.952 | H12: =IFERROR(INDEX(AUX_MATRIZES!$C$141:$BP$141,MATCH($C12,AUX_MATRIZES!$C$139:$BP$139,0)),0) -> 3822.14 | I12: =IFERROR(INDEX(AUX_MATRIZES!$C$140:$BP$140,MATCH($C12,AUX_MATRIZES!$C$139:$BP$139,0)),0) -> 974858.18 | J12: =IFERROR(INDEX(AUX_MATRIZES!$C$155:$BP$155,MATCH($C12,AUX_MATRIZES!$C$139:$BP$139,0)),0) -> 6631.6883 | K12: =IFERROR(INDEX(CAPACIDADE_21H!$G$6:$G$71,MATCH($C12,CAPACIDADE_21H!$B$6:$B$71,0)),0) -> 0.21804917 | L12: =IFERROR(INDEX(AUX_MATRIZES!$C$151:$BP$151,MATCH($C12,AUX_MATRIZES!$C$139:$BP$139,0)),"-") -> RM01 | M12: =IFERROR(INDEX(AUX_MATRIZES!$C$153:$BP$153,MATCH($C12,AUX_MATRIZES!$C$139:$BP$139,0)),"-") -> TR01
B13: 8 | C13: =IFERROR(INDEX(CAPACIDADE_21H!$B$6:$B$71,MATCH(LARGE(CAPACIDADE_21H!$W$6:$W$71,$B13),CAPACIDADE_21H!$W$6:$W$71,0)),"-") -> 34 | D13: =IFERROR(INDEX(CAPACIDADE_21H!$C$6:$C$71,MATCH($C13,CAPACIDADE_21H!$B$6:$B$71,0)),"") -> 46496 | E13: =IFERROR(INDEX(AUX_MATRIZES!$C$142:$BP$142,MATCH($C13,AUX_MATRIZES!$C$139:$BP$139,0)),0) -> 31.5 | F13: =IFERROR(INDEX(AUX_MATRIZES!$C$143:$BP$143,MATCH($C13,AUX_MATRIZES!$C$139:$BP$139,0)),0) -> 34.265392 | G13: =IFERROR(INDEX(AUX_MATRIZES!$C$144:$BP$144,MATCH($C13,AUX_MATRIZES!$C$139:$BP$139,0)),0) -> 13.048 | H13: =IFERROR(INDEX(AUX_MATRIZES!$C$141:$BP$141,MATCH($C13,AUX_MATRIZES!$C$139:$BP$139,0)),0) -> 3672.12 | I13: =IFERROR(INDEX(AUX_MATRIZES!$C$140:$BP$140,MATCH($C13,AUX_MATRIZES!$C$139:$BP$139,0)),0) -> 916621.27 | J13: =IFERROR(INDEX(AUX_MATRIZES!$C$155:$BP$155,MATCH($C13,AUX_MATRIZES!$C$139:$BP$139,0)),0) -> 6235.5188 | K13: =IFERROR(INDEX(CAPACIDADE_21H!$G$6:$G$71,MATCH($C13,CAPACIDADE_21H!$B$6:$B$71,0)),0) -> 0.20502316 | L13: =IFERROR(INDEX(AUX_MATRIZES!$C$151:$BP$151,MATCH($C13,AUX_MATRIZES!$C$139:$BP$139,0)),"-") -> RM04 | M13: =IFERROR(INDEX(AUX_MATRIZES!$C$153:$BP$153,MATCH($C13,AUX_MATRIZES!$C$139:$BP$139,0)),"-") -> TR04
B14: 9 | C14: =IFERROR(INDEX(CAPACIDADE_21H!$B$6:$B$71,MATCH(LARGE(CAPACIDADE_21H!$W$6:$W$71,$B14),CAPACIDADE_21H!$W$6:$W$71,0)),"-") -> 33 | D14: =IFERROR(INDEX(CAPACIDADE_21H!$C$6:$C$71,MATCH($C14,CAPACIDADE_21H!$B$6:$B$71,0)),"") -> 46489 | E14: =IFERROR(INDEX(AUX_MATRIZES!$C$142:$BP$142,MATCH($C14,AUX_MATRIZES!$C$139:$BP$139,0)),0) -> 31.5 | F14: =IFERROR(INDEX(AUX_MATRIZES!$C$143:$BP$143,MATCH($C14,AUX_MATRIZES!$C$139:$BP$139,0)),0) -> 33.36994 | G14: =IFERROR(INDEX(AUX_MATRIZES!$C$144:$BP$144,MATCH($C14,AUX_MATRIZES!$C$139:$BP$139,0)),0) -> 13.048 | H14: =IFERROR(INDEX(AUX_MATRIZES!$C$141:$BP$141,MATCH($C14,AUX_MATRIZES!$C$139:$BP$139,0)),0) -> 3672.12 | I14: =IFERROR(INDEX(AUX_MATRIZES!$C$140:$BP$140,MATCH($C14,AUX_MATRIZES!$C$139:$BP$139,0)),0) -> 877936.51 | J14: =IFERROR(INDEX(AUX_MATRIZES!$C$155:$BP$155,MATCH($C14,AUX_MATRIZES!$C$139:$BP$139,0)),0) -> 5972.3572 | K14: =IFERROR(INDEX(CAPACIDADE_21H!$G$6:$G$71,MATCH($C14,CAPACIDADE_21H!$B$6:$B$71,0)),0) -> 0.19637044 | L14: =IFERROR(INDEX(AUX_MATRIZES!$C$151:$BP$151,MATCH($C14,AUX_MATRIZES!$C$139:$BP$139,0)),"-") -> RM06 | M14: =IFERROR(INDEX(AUX_MATRIZES!$C$153:$BP$153,MATCH($C14,AUX_MATRIZES!$C$139:$BP$139,0)),"-") -> TR06
B15: 10 | C15: =IFERROR(INDEX(CAPACIDADE_21H!$B$6:$B$71,MATCH(LARGE(CAPACIDADE_21H!$W$6:$W$71,$B15),CAPACIDADE_21H!$W$6:$W$71,0)),"-") -> 32 | D15: =IFERROR(INDEX(CAPACIDADE_21H!$C$6:$C$71,MATCH($C15,CAPACIDADE_21H!$B$6:$B$71,0)),"") -> 46482 | E15: =IFERROR(INDEX(AUX_MATRIZES!$C$142:$BP$142,MATCH($C15,AUX_MATRIZES!$C$139:$BP$139,0)),0) -> 31.5 | F15: =IFERROR(INDEX(AUX_MATRIZES!$C$143:$BP$143,MATCH($C15,AUX_MATRIZES!$C$139:$BP$139,0)),0) -> 32.102832 | G15: =IFERROR(INDEX(AUX_MATRIZES!$C$144:$BP$144,MATCH($C15,AUX_MATRIZES!$C$139:$BP$139,0)),0) -> 13.048 | H15: =IFERROR(INDEX(AUX_MATRIZES!$C$141:$BP$141,MATCH($C15,AUX_MATRIZES!$C$139:$BP$139,0)),0) -> 3672.12 | I15: =IFERROR(INDEX(AUX_MATRIZES!$C$140:$BP$140,MATCH($C15,AUX_MATRIZES!$C$139:$BP$139,0)),0) -> 823195.66 | J15: =IFERROR(INDEX(AUX_MATRIZES!$C$155:$BP$155,MATCH($C15,AUX_MATRIZES!$C$139:$BP$139,0)),0) -> 5599.9705 | K15: =IFERROR(INDEX(CAPACIDADE_21H!$G$6:$G$71,MATCH($C15,CAPACIDADE_21H!$B$6:$B$71,0)),0) -> 0.1841264 | L15: =IFERROR(INDEX(AUX_MATRIZES!$C$151:$BP$151,MATCH($C15,AUX_MATRIZES!$C$139:$BP$139,0)),"-") -> RM06 | M15: =IFERROR(INDEX(AUX_MATRIZES!$C$153:$BP$153,MATCH($C15,AUX_MATRIZES!$C$139:$BP$139,0)),"-") -> TR06
B17: A chave de ordenacao soma volume + semana/1.000.000 para desempatar.

Sheet RESUMO_CASAS
B2: RESUMO POR CASA DE BOMBA - matriz CASA x SEMANA
B3: Escolha o indicador na celula amarela: mm, m3, m3/h, horas ou utilizacao (%).
B5: Indicador exibido: | D5: m3 (volume da semana)
C6: ="Semanas da safra ("&TEXT(SEMANAS!$C$6,"dd/mm/yy")&" a "&TEXT(SEMANAS!$D$71,"dd/mm/yy")&")" -> Semanas da safra (31/08/26 a 05/12/27)
B7: Casa de bomba | C7: =SEMANAS!$B$6 -> 1 | D7: =SEMANAS!$B$7 -> 2 | E7: =SEMANAS!$B$8 -> 3 | F7: =SEMANAS!$B$9 -> 4 | G7: =SEMANAS!$B$10 -> 5 | H7: =SEMANAS!$B$11 -> 6 | I7: =SEMANAS!$B$12 -> 7 | J7: =SEMANAS!$B$13 -> 8 | K7: =SEMANAS!$B$14 -> 9 | L7: =SEMANAS!$B$15 -> 10 | M7: =SEMANAS!$B$16 -> 11 | N7: =SEMANAS!$B$17 -> 12 | O7: =SEMANAS!$B$18 -> 13 | P7: =SEMANAS!$B$19 -> 14 | Q7: =SEMANAS!$B$20 -> 15 | R7: =SEMANAS!$B$21 -> 16 | S7: =SEMANAS!$B$22 -> 17 | T7: =SEMANAS!$B$23 -> 18 | U7: =SEMANAS!$B$24 -> 19 | V7: =SEMANAS!$B$25 -> 20 | W7: =SEMANAS!$B$26 -> 21 | X7: =SEMANAS!$B$27 -> 22 | Y7: =SEMANAS!$B$28 -> 23 | Z7: =SEMANAS!$B$29 -> 24 | AA7: =SEMANAS!$B$30 -> 25 | AB7: =SEMANAS!$B$31 -> 26 | AC7: =SEMANAS!$B$32 -> 27 | AD7: =SEMANAS!$B$33 -> 28 | AE7: =SEMANAS!$B$34 -> 29 | AF7: =SEMANAS!$B$35 -> 30 | AG7: =SEMANAS!$B$36 -> 31 | AH7: =SEMANAS!$B$37 -> 32 | AI7: =SEMANAS!$B$38 -> 33 | AJ7: =SEMANAS!$B$39 -> 34 | AK7: =SEMANAS!$B$40 -> 35 | AL7: =SEMANAS!$B$41 -> 36 | AM7: =SEMANAS!$B$42 -> 37 | AN7: =SEMANAS!$B$43 -> 38 | AO7: =SEMANAS!$B$44 -> 39 | AP7: =SEMANAS!$B$45 -> 40 | AQ7: =SEMANAS!$B$46 -> 41 | AR7: =SEMANAS!$B$47 -> 42 | AS7: =SEMANAS!$B$48 -> 43 | AT7: =SEMANAS!$B$49 -> 44 | AU7: =SEMANAS!$B$50 -> 45 | AV7: =SEMANAS!$B$51 -> 46 | AW7: =SEMANAS!$B$52 -> 47 | AX7: =SEMANAS!$B$53 -> 48 | AY7: =SEMANAS!$B$54 -> 49 | AZ7: =SEMANAS!$B$55 -> 50 | BA7: =SEMANAS!$B$56 -> 51 | BB7: =SEMANAS!$B$57 -> 52 | BC7: =SEMANAS!$B$58 -> 53 | BD7: =SEMANAS!$B$59 -> 54 | BE7: =SEMANAS!$B$60 -> 55 | BF7: =SEMANAS!$B$61 -> 56 | BG7: =SEMANAS!$B$62 -> 57 | BH7: =SEMANAS!$B$63 -> 58 | BI7: =SEMANAS!$B$64 -> 59 | BJ7: =SEMANAS!$B$65 -> 60 | BK7: =SEMANAS!$B$66 -> 61 | BL7: =SEMANAS!$B$67 -> 62 | BM7: =SEMANAS!$B$68 -> 63 | BN7: =SEMANAS!$B$69 -> 64 | BO7: =SEMANAS!$B$70 -> 65 | BP7: =SEMANAS!$B$71 -> 66
B8: RM01 | C8: =IFERROR(CHOOSE(MATCH($D$5,$AN$100:$AN$104,0),AUX_MATRIZES!C8,IFERROR(AUX_MATRIZES!C8/(AUX_MATRIZES!C20*MM_PARA_M3_HA),0),AUX_MATRIZES!C44,AUX_MATRIZES!C32,AUX_MATRIZES!C56*100),0) -> 0 | D8: =IFERROR(CHOOSE(MATCH($D$5,$AN$100:$AN$104,0),AUX_MATRIZES!D8,IFERROR(AUX_MATRIZES!D8/(AUX_MATRIZES!D20*MM_PARA_M3_HA),0),AUX_MATRIZES!D44,AUX_MATRIZES!D32,AUX_MATRIZES!D56*100),0) -> 0 | E8: =IFERROR(CHOOSE(MATCH($D$5,$AN$100:$AN$104,0),AUX_MATRIZES!E8,IFERROR(AUX_MATRIZES!E8/(AUX_MATRIZES!E20*MM_PARA_M3_HA),0),AUX_MATRIZES!E44,AUX_MATRIZES!E32,AUX_MATRIZES!E56*100),0) -> 0 | F8: =IFERROR(CHOOSE(MATCH($D$5,$AN$100:$AN$104,0),AUX_MATRIZES!F8,IFERROR(AUX_MATRIZES!F8/(AUX_MATRIZES!F20*MM_PARA_M3_HA),0),AUX_MATRIZES!F44,AUX_MATRIZES!F32,AUX_MATRIZES!F56*100),0) -> 0 | G8: =IFERROR(CHOOSE(MATCH($D$5,$AN$100:$AN$104,0),AUX_MATRIZES!G8,IFERROR(AUX_MATRIZES!G8/(AUX_MATRIZES!G20*MM_PARA_M3_HA),0),AUX_MATRIZES!G44,AUX_MATRIZES!G32,AUX_MATRIZES!G56*100),0) -> 1313.8842 | H8: =IFERROR(CHOOSE(MATCH($D$5,$AN$100:$AN$104,0),AUX_MATRIZES!H8,IFERROR(AUX_MATRIZES!H8/(AUX_MATRIZES!H20*MM_PARA_M3_HA),0),AUX_MATRIZES!H44,AUX_MATRIZES!H32,AUX_MATRIZES!H56*100),0) -> 0 | I8: =IFERROR(CHOOSE(MATCH($D$5,$AN$100:$AN$104,0),AUX_MATRIZES!I8,IFERROR(AUX_MATRIZES!I8/(AUX_MATRIZES!I20*MM_PARA_M3_HA),0),AUX_MATRIZES!I44,AUX_MATRIZES!I32,AUX_MATRIZES!I56*100),0) -> 0 | J8: =IFERROR(CHOOSE(MATCH($D$5,$AN$100:$AN$104,0),AUX_MATRIZES!J8,IFERROR(AUX_MATRIZES!J8/(AUX_MATRIZES!J20*MM_PARA_M3_HA),0),AUX_MATRIZES!J44,AUX_MATRIZES!J32,AUX_MATRIZES!J56*100),0) -> 2987.4674 | ... BP8: =IFERROR(CHOOSE(MATCH($D$5,$AN$100:$AN$104,0),AUX_MATRIZES!BP8,IFERROR(AUX_MATRIZES!BP8/(AUX_MATRIZES!BP20*MM_PARA_M3_HA),0),AUX_MATRIZES!BP44,AUX_MATRIZES!BP32,AUX_MATRIZES!BP56*100),0) -> 0
B9: RM02 | C9: =IFERROR(CHOOSE(MATCH($D$5,$AN$100:$AN$104,0),AUX_MATRIZES!C9,IFERROR(AUX_MATRIZES!C9/(AUX_MATRIZES!C21*MM_PARA_M3_HA),0),AUX_MATRIZES!C45,AUX_MATRIZES!C33,AUX_MATRIZES!C57*100),0) -> 22570.029 | D9: =IFERROR(CHOOSE(MATCH($D$5,$AN$100:$AN$104,0),AUX_MATRIZES!D9,IFERROR(AUX_MATRIZES!D9/(AUX_MATRIZES!D21*MM_PARA_M3_HA),0),AUX_MATRIZES!D45,AUX_MATRIZES!D33,AUX_MATRIZES!D57*100),0) -> 0 | E9: =IFERROR(CHOOSE(MATCH($D$5,$AN$100:$AN$104,0),AUX_MATRIZES!E9,IFERROR(AUX_MATRIZES!E9/(AUX_MATRIZES!E21*MM_PARA_M3_HA),0),AUX_MATRIZES!E45,AUX_MATRIZES!E33,AUX_MATRIZES!E57*100),0) -> 0 | F9: =IFERROR(CHOOSE(MATCH($D$5,$AN$100:$AN$104,0),AUX_MATRIZES!F9,IFERROR(AUX_MATRIZES!F9/(AUX_MATRIZES!F21*MM_PARA_M3_HA),0),AUX_MATRIZES!F45,AUX_MATRIZES!F33,AUX_MATRIZES!F57*100),0) -> 0 | G9: =IFERROR(CHOOSE(MATCH($D$5,$AN$100:$AN$104,0),AUX_MATRIZES!G9,IFERROR(AUX_MATRIZES!G9/(AUX_MATRIZES!G21*MM_PARA_M3_HA),0),AUX_MATRIZES!G45,AUX_MATRIZES!G33,AUX_MATRIZES!G57*100),0) -> 1344.3558 | H9: =IFERROR(CHOOSE(MATCH($D$5,$AN$100:$AN$104,0),AUX_MATRIZES!H9,IFERROR(AUX_MATRIZES!H9/(AUX_MATRIZES!H21*MM_PARA_M3_HA),0),AUX_MATRIZES!H45,AUX_MATRIZES!H33,AUX_MATRIZES!H57*100),0) -> 0 | I9: =IFERROR(CHOOSE(MATCH($D$5,$AN$100:$AN$104,0),AUX_MATRIZES!I9,IFERROR(AUX_MATRIZES!I9/(AUX_MATRIZES!I21*MM_PARA_M3_HA),0),AUX_MATRIZES!I45,AUX_MATRIZES!I33,AUX_MATRIZES!I57*100),0) -> 0 | J9: =IFERROR(CHOOSE(MATCH($D$5,$AN$100:$AN$104,0),AUX_MATRIZES!J9,IFERROR(AUX_MATRIZES!J9/(AUX_MATRIZES!J21*MM_PARA_M3_HA),0),AUX_MATRIZES!J45,AUX_MATRIZES!J33,AUX_MATRIZES!J57*100),0) -> 2611.1989 | ... BP9: =IFERROR(CHOOSE(MATCH($D$5,$AN$100:$AN$104,0),AUX_MATRIZES!BP9,IFERROR(AUX_MATRIZES!BP9/(AUX_MATRIZES!BP21*MM_PARA_M3_HA),0),AUX_MATRIZES!BP45,AUX_MATRIZES!BP33,AUX_MATRIZES!BP57*100),0) -> 0
B10: RM03 | C10: =IFERROR(CHOOSE(MATCH($D$5,$AN$100:$AN$104,0),AUX_MATRIZES!C10,IFERROR(AUX_MATRIZES!C10/(AUX_MATRIZES!C22*MM_PARA_M3_HA),0),AUX_MATRIZES!C46,AUX_MATRIZES!C34,AUX_MATRIZES!C58*100),0) -> 0 | D10: =IFERROR(CHOOSE(MATCH($D$5,$AN$100:$AN$104,0),AUX_MATRIZES!D10,IFERROR(AUX_MATRIZES!D10/(AUX_MATRIZES!D22*MM_PARA_M3_HA),0),AUX_MATRIZES!D46,AUX_MATRIZES!D34,AUX_MATRIZES!D58*100),0) -> 0 | E10: =IFERROR(CHOOSE(MATCH($D$5,$AN$100:$AN$104,0),AUX_MATRIZES!E10,IFERROR(AUX_MATRIZES!E10/(AUX_MATRIZES!E22*MM_PARA_M3_HA),0),AUX_MATRIZES!E46,AUX_MATRIZES!E34,AUX_MATRIZES!E58*100),0) -> 0 | F10: =IFERROR(CHOOSE(MATCH($D$5,$AN$100:$AN$104,0),AUX_MATRIZES!F10,IFERROR(AUX_MATRIZES!F10/(AUX_MATRIZES!F22*MM_PARA_M3_HA),0),AUX_MATRIZES!F46,AUX_MATRIZES!F34,AUX_MATRIZES!F58*100),0) -> 0 | G10: =IFERROR(CHOOSE(MATCH($D$5,$AN$100:$AN$104,0),AUX_MATRIZES!G10,IFERROR(AUX_MATRIZES!G10/(AUX_MATRIZES!G22*MM_PARA_M3_HA),0),AUX_MATRIZES!G46,AUX_MATRIZES!G34,AUX_MATRIZES!G58*100),0) -> 2643.2715 | H10: =IFERROR(CHOOSE(MATCH($D$5,$AN$100:$AN$104,0),AUX_MATRIZES!H10,IFERROR(AUX_MATRIZES!H10/(AUX_MATRIZES!H22*MM_PARA_M3_HA),0),AUX_MATRIZES!H46,AUX_MATRIZES!H34,AUX_MATRIZES!H58*100),0) -> 0 | I10: =IFERROR(CHOOSE(MATCH($D$5,$AN$100:$AN$104,0),AUX_MATRIZES!I10,IFERROR(AUX_MATRIZES!I10/(AUX_MATRIZES!I22*MM_PARA_M3_HA),0),AUX_MATRIZES!I46,AUX_MATRIZES!I34,AUX_MATRIZES!I58*100),0) -> 0 | J10: =IFERROR(CHOOSE(MATCH($D$5,$AN$100:$AN$104,0),AUX_MATRIZES!J10,IFERROR(AUX_MATRIZES!J10/(AUX_MATRIZES!J22*MM_PARA_M3_HA),0),AUX_MATRIZES!J46,AUX_MATRIZES!J34,AUX_MATRIZES!J58*100),0) -> 542.0877 | ... BP10: =IFERROR(CHOOSE(MATCH($D$5,$AN$100:$AN$104,0),AUX_MATRIZES!BP10,IFERROR(AUX_MATRIZES!BP10/(AUX_MATRIZES!BP22*MM_PARA_M3_HA),0),AUX_MATRIZES!BP46,AUX_MATRIZES!BP34,AUX_MATRIZES!BP58*100),0) -> 0
B11: RM04 | C11: =IFERROR(CHOOSE(MATCH($D$5,$AN$100:$AN$104,0),AUX_MATRIZES!C11,IFERROR(AUX_MATRIZES!C11/(AUX_MATRIZES!C23*MM_PARA_M3_HA),0),AUX_MATRIZES!C47,AUX_MATRIZES!C35,AUX_MATRIZES!C59*100),0) -> 45952.144 | D11: =IFERROR(CHOOSE(MATCH($D$5,$AN$100:$AN$104,0),AUX_MATRIZES!D11,IFERROR(AUX_MATRIZES!D11/(AUX_MATRIZES!D23*MM_PARA_M3_HA),0),AUX_MATRIZES!D47,AUX_MATRIZES!D35,AUX_MATRIZES!D59*100),0) -> 48375.015 | E11: =IFERROR(CHOOSE(MATCH($D$5,$AN$100:$AN$104,0),AUX_MATRIZES!E11,IFERROR(AUX_MATRIZES!E11/(AUX_MATRIZES!E23*MM_PARA_M3_HA),0),AUX_MATRIZES!E47,AUX_MATRIZES!E35,AUX_MATRIZES!E59*100),0) -> 48375.015 | F11: =IFERROR(CHOOSE(MATCH($D$5,$AN$100:$AN$104,0),AUX_MATRIZES!F11,IFERROR(AUX_MATRIZES!F11/(AUX_MATRIZES!F23*MM_PARA_M3_HA),0),AUX_MATRIZES!F47,AUX_MATRIZES!F35,AUX_MATRIZES!F59*100),0) -> 48375.015 | G11: =IFERROR(CHOOSE(MATCH($D$5,$AN$100:$AN$104,0),AUX_MATRIZES!G11,IFERROR(AUX_MATRIZES!G11/(AUX_MATRIZES!G23*MM_PARA_M3_HA),0),AUX_MATRIZES!G47,AUX_MATRIZES!G35,AUX_MATRIZES!G59*100),0) -> 39291.703 | H11: =IFERROR(CHOOSE(MATCH($D$5,$AN$100:$AN$104,0),AUX_MATRIZES!H11,IFERROR(AUX_MATRIZES!H11/(AUX_MATRIZES!H23*MM_PARA_M3_HA),0),AUX_MATRIZES!H47,AUX_MATRIZES!H35,AUX_MATRIZES!H59*100),0) -> 27558.101 | I11: =IFERROR(CHOOSE(MATCH($D$5,$AN$100:$AN$104,0),AUX_MATRIZES!I11,IFERROR(AUX_MATRIZES!I11/(AUX_MATRIZES!I23*MM_PARA_M3_HA),0),AUX_MATRIZES!I47,AUX_MATRIZES!I35,AUX_MATRIZES!I59*100),0) -> 27558.101 | J11: =IFERROR(CHOOSE(MATCH($D$5,$AN$100:$AN$104,0),AUX_MATRIZES!J11,IFERROR(AUX_MATRIZES!J11/(AUX_MATRIZES!J23*MM_PARA_M3_HA),0),AUX_MATRIZES!J47,AUX_MATRIZES!J35,AUX_MATRIZES!J59*100),0) -> 34101.103 | ... BP11: =IFERROR(CHOOSE(MATCH($D$5,$AN$100:$AN$104,0),AUX_MATRIZES!BP11,IFERROR(AUX_MATRIZES!BP11/(AUX_MATRIZES!BP23*MM_PARA_M3_HA),0),AUX_MATRIZES!BP47,AUX_MATRIZES!BP35,AUX_MATRIZES!BP59*100),0) -> 0
B12: RM05 | C12: =IFERROR(CHOOSE(MATCH($D$5,$AN$100:$AN$104,0),AUX_MATRIZES!C12,IFERROR(AUX_MATRIZES!C12/(AUX_MATRIZES!C24*MM_PARA_M3_HA),0),AUX_MATRIZES!C48,AUX_MATRIZES!C36,AUX_MATRIZES!C60*100),0) -> 96601.344 | D12: =IFERROR(CHOOSE(MATCH($D$5,$AN$100:$AN$104,0),AUX_MATRIZES!D12,IFERROR(AUX_MATRIZES!D12/(AUX_MATRIZES!D24*MM_PARA_M3_HA),0),AUX_MATRIZES!D48,AUX_MATRIZES!D36,AUX_MATRIZES!D60*100),0) -> 96643.68 | E12: =IFERROR(CHOOSE(MATCH($D$5,$AN$100:$AN$104,0),AUX_MATRIZES!E12,IFERROR(AUX_MATRIZES!E12/(AUX_MATRIZES!E24*MM_PARA_M3_HA),0),AUX_MATRIZES!E48,AUX_MATRIZES!E36,AUX_MATRIZES!E60*100),0) -> 96643.68 | F12: =IFERROR(CHOOSE(MATCH($D$5,$AN$100:$AN$104,0),AUX_MATRIZES!F12,IFERROR(AUX_MATRIZES!F12/(AUX_MATRIZES!F24*MM_PARA_M3_HA),0),AUX_MATRIZES!F48,AUX_MATRIZES!F36,AUX_MATRIZES!F60*100),0) -> 96643.68 | G12: =IFERROR(CHOOSE(MATCH($D$5,$AN$100:$AN$104,0),AUX_MATRIZES!G12,IFERROR(AUX_MATRIZES!G12/(AUX_MATRIZES!G24*MM_PARA_M3_HA),0),AUX_MATRIZES!G48,AUX_MATRIZES!G36,AUX_MATRIZES!G60*100),0) -> 72879.072 | H12: =IFERROR(CHOOSE(MATCH($D$5,$AN$100:$AN$104,0),AUX_MATRIZES!H12,IFERROR(AUX_MATRIZES!H12/(AUX_MATRIZES!H24*MM_PARA_M3_HA),0),AUX_MATRIZES!H48,AUX_MATRIZES!H36,AUX_MATRIZES!H60*100),0) -> 55055.616 | I12: =IFERROR(CHOOSE(MATCH($D$5,$AN$100:$AN$104,0),AUX_MATRIZES!I12,IFERROR(AUX_MATRIZES!I12/(AUX_MATRIZES!I24*MM_PARA_M3_HA),0),AUX_MATRIZES!I48,AUX_MATRIZES!I36,AUX_MATRIZES!I60*100),0) -> 55055.616 | J12: =IFERROR(CHOOSE(MATCH($D$5,$AN$100:$AN$104,0),AUX_MATRIZES!J12,IFERROR(AUX_MATRIZES!J12/(AUX_MATRIZES!J24*MM_PARA_M3_HA),0),AUX_MATRIZES!J48,AUX_MATRIZES!J36,AUX_MATRIZES!J60*100),0) -> 47449.248 | ... BP12: =IFERROR(CHOOSE(MATCH($D$5,$AN$100:$AN$104,0),AUX_MATRIZES!BP12,IFERROR(AUX_MATRIZES!BP12/(AUX_MATRIZES!BP24*MM_PARA_M3_HA),0),AUX_MATRIZES!BP48,AUX_MATRIZES!BP36,AUX_MATRIZES!BP60*100),0) -> 0
B13: RM06 | C13: =IFERROR(CHOOSE(MATCH($D$5,$AN$100:$AN$104,0),AUX_MATRIZES!C13,IFERROR(AUX_MATRIZES!C13/(AUX_MATRIZES!C25*MM_PARA_M3_HA),0),AUX_MATRIZES!C49,AUX_MATRIZES!C37,AUX_MATRIZES!C61*100),0) -> 148517.96 | D13: =IFERROR(CHOOSE(MATCH($D$5,$AN$100:$AN$104,0),AUX_MATRIZES!D13,IFERROR(AUX_MATRIZES!D13/(AUX_MATRIZES!D25*MM_PARA_M3_HA),0),AUX_MATRIZES!D49,AUX_MATRIZES!D37,AUX_MATRIZES!D61*100),0) -> 106348.07 | E13: =IFERROR(CHOOSE(MATCH($D$5,$AN$100:$AN$104,0),AUX_MATRIZES!E13,IFERROR(AUX_MATRIZES!E13/(AUX_MATRIZES!E25*MM_PARA_M3_HA),0),AUX_MATRIZES!E49,AUX_MATRIZES!E37,AUX_MATRIZES!E61*100),0) -> 72482.76 | F13: =IFERROR(CHOOSE(MATCH($D$5,$AN$100:$AN$104,0),AUX_MATRIZES!F13,IFERROR(AUX_MATRIZES!F13/(AUX_MATRIZES!F25*MM_PARA_M3_HA),0),AUX_MATRIZES!F49,AUX_MATRIZES!F37,AUX_MATRIZES!F61*100),0) -> 67558.995 | G13: =IFERROR(CHOOSE(MATCH($D$5,$AN$100:$AN$104,0),AUX_MATRIZES!G13,IFERROR(AUX_MATRIZES!G13/(AUX_MATRIZES!G25*MM_PARA_M3_HA),0),AUX_MATRIZES!G49,AUX_MATRIZES!G37,AUX_MATRIZES!G61*100),0) -> 43075.116 | H13: =IFERROR(CHOOSE(MATCH($D$5,$AN$100:$AN$104,0),AUX_MATRIZES!H13,IFERROR(AUX_MATRIZES!H13/(AUX_MATRIZES!H25*MM_PARA_M3_HA),0),AUX_MATRIZES!H49,AUX_MATRIZES!H37,AUX_MATRIZES!H61*100),0) -> 23226.588 | I13: =IFERROR(CHOOSE(MATCH($D$5,$AN$100:$AN$104,0),AUX_MATRIZES!I13,IFERROR(AUX_MATRIZES!I13/(AUX_MATRIZES!I25*MM_PARA_M3_HA),0),AUX_MATRIZES!I49,AUX_MATRIZES!I37,AUX_MATRIZES!I61*100),0) -> 16571.016 | J13: =IFERROR(CHOOSE(MATCH($D$5,$AN$100:$AN$104,0),AUX_MATRIZES!J13,IFERROR(AUX_MATRIZES!J13/(AUX_MATRIZES!J25*MM_PARA_M3_HA),0),AUX_MATRIZES!J49,AUX_MATRIZES!J37,AUX_MATRIZES!J61*100),0) -> 9915.444 | ... BP13: =IFERROR(CHOOSE(MATCH($D$5,$AN$100:$AN$104,0),AUX_MATRIZES!BP13,IFERROR(AUX_MATRIZES!BP13/(AUX_MATRIZES!BP25*MM_PARA_M3_HA),0),AUX_MATRIZES!BP49,AUX_MATRIZES!BP37,AUX_MATRIZES!BP61*100),0) -> 0
B14: RM07 | C14: =IFERROR(CHOOSE(MATCH($D$5,$AN$100:$AN$104,0),AUX_MATRIZES!C14,IFERROR(AUX_MATRIZES!C14/(AUX_MATRIZES!C26*MM_PARA_M3_HA),0),AUX_MATRIZES!C50,AUX_MATRIZES!C38,AUX_MATRIZES!C62*100),0) -> 172736.16 | D14: =IFERROR(CHOOSE(MATCH($D$5,$AN$100:$AN$104,0),AUX_MATRIZES!D14,IFERROR(AUX_MATRIZES!D14/(AUX_MATRIZES!D26*MM_PARA_M3_HA),0),AUX_MATRIZES!D50,AUX_MATRIZES!D38,AUX_MATRIZES!D62*100),0) -> 152721.74 | E14: =IFERROR(CHOOSE(MATCH($D$5,$AN$100:$AN$104,0),AUX_MATRIZES!E14,IFERROR(AUX_MATRIZES!E14/(AUX_MATRIZES!E26*MM_PARA_M3_HA),0),AUX_MATRIZES!E50,AUX_MATRIZES!E38,AUX_MATRIZES!E62*100),0) -> 101244.38 | F14: =IFERROR(CHOOSE(MATCH($D$5,$AN$100:$AN$104,0),AUX_MATRIZES!F14,IFERROR(AUX_MATRIZES!F14/(AUX_MATRIZES!F26*MM_PARA_M3_HA),0),AUX_MATRIZES!F50,AUX_MATRIZES!F38,AUX_MATRIZES!F62*100),0) -> 58285.332 | G14: =IFERROR(CHOOSE(MATCH($D$5,$AN$100:$AN$104,0),AUX_MATRIZES!G14,IFERROR(AUX_MATRIZES!G14/(AUX_MATRIZES!G26*MM_PARA_M3_HA),0),AUX_MATRIZES!G50,AUX_MATRIZES!G38,AUX_MATRIZES!G62*100),0) -> 26414.866 | H14: =IFERROR(CHOOSE(MATCH($D$5,$AN$100:$AN$104,0),AUX_MATRIZES!H14,IFERROR(AUX_MATRIZES!H14/(AUX_MATRIZES!H26*MM_PARA_M3_HA),0),AUX_MATRIZES!H50,AUX_MATRIZES!H38,AUX_MATRIZES!H62*100),0) -> 0 | I14: =IFERROR(CHOOSE(MATCH($D$5,$AN$100:$AN$104,0),AUX_MATRIZES!I14,IFERROR(AUX_MATRIZES!I14/(AUX_MATRIZES!I26*MM_PARA_M3_HA),0),AUX_MATRIZES!I50,AUX_MATRIZES!I38,AUX_MATRIZES!I62*100),0) -> 0 | J14: =IFERROR(CHOOSE(MATCH($D$5,$AN$100:$AN$104,0),AUX_MATRIZES!J14,IFERROR(AUX_MATRIZES!J14/(AUX_MATRIZES!J26*MM_PARA_M3_HA),0),AUX_MATRIZES!J50,AUX_MATRIZES!J38,AUX_MATRIZES!J62*100),0) -> 0 | ... BP14: =IFERROR(CHOOSE(MATCH($D$5,$AN$100:$AN$104,0),AUX_MATRIZES!BP14,IFERROR(AUX_MATRIZES!BP14/(AUX_MATRIZES!BP26*MM_PARA_M3_HA),0),AUX_MATRIZES!BP50,AUX_MATRIZES!BP38,AUX_MATRIZES!BP62*100),0) -> 0
B15: RM08 | C15: =IFERROR(CHOOSE(MATCH($D$5,$AN$100:$AN$104,0),AUX_MATRIZES!C15,IFERROR(AUX_MATRIZES!C15/(AUX_MATRIZES!C27*MM_PARA_M3_HA),0),AUX_MATRIZES!C51,AUX_MATRIZES!C39,AUX_MATRIZES!C63*100),0) -> 0 | D15: =IFERROR(CHOOSE(MATCH($D$5,$AN$100:$AN$104,0),AUX_MATRIZES!D15,IFERROR(AUX_MATRIZES!D15/(AUX_MATRIZES!D27*MM_PARA_M3_HA),0),AUX_MATRIZES!D51,AUX_MATRIZES!D39,AUX_MATRIZES!D63*100),0) -> 0 | E15: =IFERROR(CHOOSE(MATCH($D$5,$AN$100:$AN$104,0),AUX_MATRIZES!E15,IFERROR(AUX_MATRIZES!E15/(AUX_MATRIZES!E27*MM_PARA_M3_HA),0),AUX_MATRIZES!E51,AUX_MATRIZES!E39,AUX_MATRIZES!E63*100),0) -> 0 | F15: =IFERROR(CHOOSE(MATCH($D$5,$AN$100:$AN$104,0),AUX_MATRIZES!F15,IFERROR(AUX_MATRIZES!F15/(AUX_MATRIZES!F27*MM_PARA_M3_HA),0),AUX_MATRIZES!F51,AUX_MATRIZES!F39,AUX_MATRIZES!F63*100),0) -> 0 | G15: =IFERROR(CHOOSE(MATCH($D$5,$AN$100:$AN$104,0),AUX_MATRIZES!G15,IFERROR(AUX_MATRIZES!G15/(AUX_MATRIZES!G27*MM_PARA_M3_HA),0),AUX_MATRIZES!G51,AUX_MATRIZES!G39,AUX_MATRIZES!G63*100),0) -> 0 | H15: =IFERROR(CHOOSE(MATCH($D$5,$AN$100:$AN$104,0),AUX_MATRIZES!H15,IFERROR(AUX_MATRIZES!H15/(AUX_MATRIZES!H27*MM_PARA_M3_HA),0),AUX_MATRIZES!H51,AUX_MATRIZES!H39,AUX_MATRIZES!H63*100),0) -> 0 | I15: =IFERROR(CHOOSE(MATCH($D$5,$AN$100:$AN$104,0),AUX_MATRIZES!I15,IFERROR(AUX_MATRIZES!I15/(AUX_MATRIZES!I27*MM_PARA_M3_HA),0),AUX_MATRIZES!I51,AUX_MATRIZES!I39,AUX_MATRIZES!I63*100),0) -> 0 | J15: =IFERROR(CHOOSE(MATCH($D$5,$AN$100:$AN$104,0),AUX_MATRIZES!J15,IFERROR(AUX_MATRIZES!J15/(AUX_MATRIZES!J27*MM_PARA_M3_HA),0),AUX_MATRIZES!J51,AUX_MATRIZES!J39,AUX_MATRIZES!J63*100),0) -> 0 | ... BP15: =IFERROR(CHOOSE(MATCH($D$5,$AN$100:$AN$104,0),AUX_MATRIZES!BP15,IFERROR(AUX_MATRIZES!BP15/(AUX_MATRIZES!BP27*MM_PARA_M3_HA),0),AUX_MATRIZES!BP51,AUX_MATRIZES!BP39,AUX_MATRIZES!BP63*100),0) -> 0
B17: Cada celula e a demanda da casa naquela semana, somando os pivos ligados a ela (CADASTRO_PIVOS). Para utilizacao com faixas fixas, veja MAPA_CALOR.
AN100: m3 (volume da semana)
AN101: mm (lamina bruta media)
AN102: m3/h (vazao media requerida)
AN103: horas (horas necessarias)
AN104: % (utilizacao da capacidade)

Sheet BALANCO_CASAS
B2: BALANCO DE AGUA POR CASA DE BOMBA (semanal)
B3: Por casa: ENTRADA = captacao dos pocos, SAIDA/CONSUMO = demanda dos pivos, e o NIVEL do reservatorio. Premissa igual a original: alimentacao constante, reservatorio comeca cheio.
B5: ENTRADA - Volume de captacao dos pocos (m3/semana)
B6: Casa de bomba | C6: =SEMANAS!$B$6 -> 1 | D6: =SEMANAS!$B$7 -> 2 | E6: =SEMANAS!$B$8 -> 3 | F6: =SEMANAS!$B$9 -> 4 | G6: =SEMANAS!$B$10 -> 5 | H6: =SEMANAS!$B$11 -> 6 | I6: =SEMANAS!$B$12 -> 7 | J6: =SEMANAS!$B$13 -> 8 | K6: =SEMANAS!$B$14 -> 9 | L6: =SEMANAS!$B$15 -> 10 | M6: =SEMANAS!$B$16 -> 11 | N6: =SEMANAS!$B$17 -> 12 | O6: =SEMANAS!$B$18 -> 13 | P6: =SEMANAS!$B$19 -> 14 | Q6: =SEMANAS!$B$20 -> 15 | R6: =SEMANAS!$B$21 -> 16 | S6: =SEMANAS!$B$22 -> 17 | T6: =SEMANAS!$B$23 -> 18 | U6: =SEMANAS!$B$24 -> 19 | V6: =SEMANAS!$B$25 -> 20 | W6: =SEMANAS!$B$26 -> 21 | X6: =SEMANAS!$B$27 -> 22 | Y6: =SEMANAS!$B$28 -> 23 | Z6: =SEMANAS!$B$29 -> 24 | AA6: =SEMANAS!$B$30 -> 25 | AB6: =SEMANAS!$B$31 -> 26 | AC6: =SEMANAS!$B$32 -> 27 | AD6: =SEMANAS!$B$33 -> 28 | AE6: =SEMANAS!$B$34 -> 29 | AF6: =SEMANAS!$B$35 -> 30 | AG6: =SEMANAS!$B$36 -> 31 | AH6: =SEMANAS!$B$37 -> 32 | AI6: =SEMANAS!$B$38 -> 33 | AJ6: =SEMANAS!$B$39 -> 34 | AK6: =SEMANAS!$B$40 -> 35 | AL6: =SEMANAS!$B$41 -> 36 | AM6: =SEMANAS!$B$42 -> 37 | AN6: =SEMANAS!$B$43 -> 38 | AO6: =SEMANAS!$B$44 -> 39 | AP6: =SEMANAS!$B$45 -> 40 | AQ6: =SEMANAS!$B$46 -> 41 | AR6: =SEMANAS!$B$47 -> 42 | AS6: =SEMANAS!$B$48 -> 43 | AT6: =SEMANAS!$B$49 -> 44 | AU6: =SEMANAS!$B$50 -> 45 | AV6: =SEMANAS!$B$51 -> 46 | AW6: =SEMANAS!$B$52 -> 47 | AX6: =SEMANAS!$B$53 -> 48 | AY6: =SEMANAS!$B$54 -> 49 | AZ6: =SEMANAS!$B$55 -> 50 | BA6: =SEMANAS!$B$56 -> 51 | BB6: =SEMANAS!$B$57 -> 52 | BC6: =SEMANAS!$B$58 -> 53 | BD6: =SEMANAS!$B$59 -> 54 | BE6: =SEMANAS!$B$60 -> 55 | BF6: =SEMANAS!$B$61 -> 56 | BG6: =SEMANAS!$B$62 -> 57 | BH6: =SEMANAS!$B$63 -> 58 | BI6: =SEMANAS!$B$64 -> 59 | BJ6: =SEMANAS!$B$65 -> 60 | BK6: =SEMANAS!$B$66 -> 61 | BL6: =SEMANAS!$B$67 -> 62 | BM6: =SEMANAS!$B$68 -> 63 | BN6: =SEMANAS!$B$69 -> 64 | BO6: =SEMANAS!$B$70 -> 65 | BP6: =SEMANAS!$B$71 -> 66
B7: RM01 | C7: =CADASTRO_CASAS_BOMBA!$J$6*DIAS_POR_SEMANA -> 73500 | D7: =CADASTRO_CASAS_BOMBA!$J$6*DIAS_POR_SEMANA -> 73500 | E7: =CADASTRO_CASAS_BOMBA!$J$6*DIAS_POR_SEMANA -> 73500 | F7: =CADASTRO_CASAS_BOMBA!$J$6*DIAS_POR_SEMANA -> 73500 | G7: =CADASTRO_CASAS_BOMBA!$J$6*DIAS_POR_SEMANA -> 73500 | H7: =CADASTRO_CASAS_BOMBA!$J$6*DIAS_POR_SEMANA -> 73500 | I7: =CADASTRO_CASAS_BOMBA!$J$6*DIAS_POR_SEMANA -> 73500 | J7: =CADASTRO_CASAS_BOMBA!$J$6*DIAS_POR_SEMANA -> 73500 | ... BP7: =CADASTRO_CASAS_BOMBA!$J$6*DIAS_POR_SEMANA -> 73500
B8: RM02 | C8: =CADASTRO_CASAS_BOMBA!$J$7*DIAS_POR_SEMANA -> 73500 | D8: =CADASTRO_CASAS_BOMBA!$J$7*DIAS_POR_SEMANA -> 73500 | E8: =CADASTRO_CASAS_BOMBA!$J$7*DIAS_POR_SEMANA -> 73500 | F8: =CADASTRO_CASAS_BOMBA!$J$7*DIAS_POR_SEMANA -> 73500 | G8: =CADASTRO_CASAS_BOMBA!$J$7*DIAS_POR_SEMANA -> 73500 | H8: =CADASTRO_CASAS_BOMBA!$J$7*DIAS_POR_SEMANA -> 73500 | I8: =CADASTRO_CASAS_BOMBA!$J$7*DIAS_POR_SEMANA -> 73500 | J8: =CADASTRO_CASAS_BOMBA!$J$7*DIAS_POR_SEMANA -> 73500 | ... BP8: =CADASTRO_CASAS_BOMBA!$J$7*DIAS_POR_SEMANA -> 73500
B9: RM03 | C9: =CADASTRO_CASAS_BOMBA!$J$8*DIAS_POR_SEMANA -> 73500 | D9: =CADASTRO_CASAS_BOMBA!$J$8*DIAS_POR_SEMANA -> 73500 | E9: =CADASTRO_CASAS_BOMBA!$J$8*DIAS_POR_SEMANA -> 73500 | F9: =CADASTRO_CASAS_BOMBA!$J$8*DIAS_POR_SEMANA -> 73500 | G9: =CADASTRO_CASAS_BOMBA!$J$8*DIAS_POR_SEMANA -> 73500 | H9: =CADASTRO_CASAS_BOMBA!$J$8*DIAS_POR_SEMANA -> 73500 | I9: =CADASTRO_CASAS_BOMBA!$J$8*DIAS_POR_SEMANA -> 73500 | J9: =CADASTRO_CASAS_BOMBA!$J$8*DIAS_POR_SEMANA -> 73500 | ... BP9: =CADASTRO_CASAS_BOMBA!$J$8*DIAS_POR_SEMANA -> 73500
B10: RM04 | C10: =CADASTRO_CASAS_BOMBA!$J$9*DIAS_POR_SEMANA -> 151410 | D10: =CADASTRO_CASAS_BOMBA!$J$9*DIAS_POR_SEMANA -> 151410 | E10: =CADASTRO_CASAS_BOMBA!$J$9*DIAS_POR_SEMANA -> 151410 | F10: =CADASTRO_CASAS_BOMBA!$J$9*DIAS_POR_SEMANA -> 151410 | G10: =CADASTRO_CASAS_BOMBA!$J$9*DIAS_POR_SEMANA -> 151410 | H10: =CADASTRO_CASAS_BOMBA!$J$9*DIAS_POR_SEMANA -> 151410 | I10: =CADASTRO_CASAS_BOMBA!$J$9*DIAS_POR_SEMANA -> 151410 | J10: =CADASTRO_CASAS_BOMBA!$J$9*DIAS_POR_SEMANA -> 151410 | ... BP10: =CADASTRO_CASAS_BOMBA!$J$9*DIAS_POR_SEMANA -> 151410
B11: RM05 | C11: =CADASTRO_CASAS_BOMBA!$J$10*DIAS_POR_SEMANA -> 91581 | D11: =CADASTRO_CASAS_BOMBA!$J$10*DIAS_POR_SEMANA -> 91581 | E11: =CADASTRO_CASAS_BOMBA!$J$10*DIAS_POR_SEMANA -> 91581 | F11: =CADASTRO_CASAS_BOMBA!$J$10*DIAS_POR_SEMANA -> 91581 | G11: =CADASTRO_CASAS_BOMBA!$J$10*DIAS_POR_SEMANA -> 91581 | H11: =CADASTRO_CASAS_BOMBA!$J$10*DIAS_POR_SEMANA -> 91581 | I11: =CADASTRO_CASAS_BOMBA!$J$10*DIAS_POR_SEMANA -> 91581 | J11: =CADASTRO_CASAS_BOMBA!$J$10*DIAS_POR_SEMANA -> 91581 | ... BP11: =CADASTRO_CASAS_BOMBA!$J$10*DIAS_POR_SEMANA -> 91581
B12: RM06 | C12: =CADASTRO_CASAS_BOMBA!$J$11*DIAS_POR_SEMANA -> 149940 | D12: =CADASTRO_CASAS_BOMBA!$J$11*DIAS_POR_SEMANA -> 149940 | E12: =CADASTRO_CASAS_BOMBA!$J$11*DIAS_POR_SEMANA -> 149940 | F12: =CADASTRO_CASAS_BOMBA!$J$11*DIAS_POR_SEMANA -> 149940 | G12: =CADASTRO_CASAS_BOMBA!$J$11*DIAS_POR_SEMANA -> 149940 | H12: =CADASTRO_CASAS_BOMBA!$J$11*DIAS_POR_SEMANA -> 149940 | I12: =CADASTRO_CASAS_BOMBA!$J$11*DIAS_POR_SEMANA -> 149940 | J12: =CADASTRO_CASAS_BOMBA!$J$11*DIAS_POR_SEMANA -> 149940 | ... BP12: =CADASTRO_CASAS_BOMBA!$J$11*DIAS_POR_SEMANA -> 149940
B13: RM07 | C13: =CADASTRO_CASAS_BOMBA!$J$12*DIAS_POR_SEMANA -> 177660 | D13: =CADASTRO_CASAS_BOMBA!$J$12*DIAS_POR_SEMANA -> 177660 | E13: =CADASTRO_CASAS_BOMBA!$J$12*DIAS_POR_SEMANA -> 177660 | F13: =CADASTRO_CASAS_BOMBA!$J$12*DIAS_POR_SEMANA -> 177660 | G13: =CADASTRO_CASAS_BOMBA!$J$12*DIAS_POR_SEMANA -> 177660 | H13: =CADASTRO_CASAS_BOMBA!$J$12*DIAS_POR_SEMANA -> 177660 | I13: =CADASTRO_CASAS_BOMBA!$J$12*DIAS_POR_SEMANA -> 177660 | J13: =CADASTRO_CASAS_BOMBA!$J$12*DIAS_POR_SEMANA -> 177660 | ... BP13: =CADASTRO_CASAS_BOMBA!$J$12*DIAS_POR_SEMANA -> 177660
B14: RM08 | C14: =CADASTRO_CASAS_BOMBA!$J$13*DIAS_POR_SEMANA -> 0 | D14: =CADASTRO_CASAS_BOMBA!$J$13*DIAS_POR_SEMANA -> 0 | E14: =CADASTRO_CASAS_BOMBA!$J$13*DIAS_POR_SEMANA -> 0 | F14: =CADASTRO_CASAS_BOMBA!$J$13*DIAS_POR_SEMANA -> 0 | G14: =CADASTRO_CASAS_BOMBA!$J$13*DIAS_POR_SEMANA -> 0 | H14: =CADASTRO_CASAS_BOMBA!$J$13*DIAS_POR_SEMANA -> 0 | I14: =CADASTRO_CASAS_BOMBA!$J$13*DIAS_POR_SEMANA -> 0 | J14: =CADASTRO_CASAS_BOMBA!$J$13*DIAS_POR_SEMANA -> 0 | ... BP14: =CADASTRO_CASAS_BOMBA!$J$13*DIAS_POR_SEMANA -> 0
B17: SAIDA / CONSUMO - Demanda dos pivos da casa (m3/semana)
B18: Casa de bomba | C18: =SEMANAS!$B$6 -> 1 | D18: =SEMANAS!$B$7 -> 2 | E18: =SEMANAS!$B$8 -> 3 | F18: =SEMANAS!$B$9 -> 4 | G18: =SEMANAS!$B$10 -> 5 | H18: =SEMANAS!$B$11 -> 6 | I18: =SEMANAS!$B$12 -> 7 | J18: =SEMANAS!$B$13 -> 8 | K18: =SEMANAS!$B$14 -> 9 | L18: =SEMANAS!$B$15 -> 10 | M18: =SEMANAS!$B$16 -> 11 | N18: =SEMANAS!$B$17 -> 12 | O18: =SEMANAS!$B$18 -> 13 | P18: =SEMANAS!$B$19 -> 14 | Q18: =SEMANAS!$B$20 -> 15 | R18: =SEMANAS!$B$21 -> 16 | S18: =SEMANAS!$B$22 -> 17 | T18: =SEMANAS!$B$23 -> 18 | U18: =SEMANAS!$B$24 -> 19 | V18: =SEMANAS!$B$25 -> 20 | W18: =SEMANAS!$B$26 -> 21 | X18: =SEMANAS!$B$27 -> 22 | Y18: =SEMANAS!$B$28 -> 23 | Z18: =SEMANAS!$B$29 -> 24 | AA18: =SEMANAS!$B$30 -> 25 | AB18: =SEMANAS!$B$31 -> 26 | AC18: =SEMANAS!$B$32 -> 27 | AD18: =SEMANAS!$B$33 -> 28 | AE18: =SEMANAS!$B$34 -> 29 | AF18: =SEMANAS!$B$35 -> 30 | AG18: =SEMANAS!$B$36 -> 31 | AH18: =SEMANAS!$B$37 -> 32 | AI18: =SEMANAS!$B$38 -> 33 | AJ18: =SEMANAS!$B$39 -> 34 | AK18: =SEMANAS!$B$40 -> 35 | AL18: =SEMANAS!$B$41 -> 36 | AM18: =SEMANAS!$B$42 -> 37 | AN18: =SEMANAS!$B$43 -> 38 | AO18: =SEMANAS!$B$44 -> 39 | AP18: =SEMANAS!$B$45 -> 40 | AQ18: =SEMANAS!$B$46 -> 41 | AR18: =SEMANAS!$B$47 -> 42 | AS18: =SEMANAS!$B$48 -> 43 | AT18: =SEMANAS!$B$49 -> 44 | AU18: =SEMANAS!$B$50 -> 45 | AV18: =SEMANAS!$B$51 -> 46 | AW18: =SEMANAS!$B$52 -> 47 | AX18: =SEMANAS!$B$53 -> 48 | AY18: =SEMANAS!$B$54 -> 49 | AZ18: =SEMANAS!$B$55 -> 50 | BA18: =SEMANAS!$B$56 -> 51 | BB18: =SEMANAS!$B$57 -> 52 | BC18: =SEMANAS!$B$58 -> 53 | BD18: =SEMANAS!$B$59 -> 54 | BE18: =SEMANAS!$B$60 -> 55 | BF18: =SEMANAS!$B$61 -> 56 | BG18: =SEMANAS!$B$62 -> 57 | BH18: =SEMANAS!$B$63 -> 58 | BI18: =SEMANAS!$B$64 -> 59 | BJ18: =SEMANAS!$B$65 -> 60 | BK18: =SEMANAS!$B$66 -> 61 | BL18: =SEMANAS!$B$67 -> 62 | BM18: =SEMANAS!$B$68 -> 63 | BN18: =SEMANAS!$B$69 -> 64 | BO18: =SEMANAS!$B$70 -> 65 | BP18: =SEMANAS!$B$71 -> 66
B19: RM01 | C19: =AUX_MATRIZES!C8 -> 0 | D19: =AUX_MATRIZES!D8 -> 0 | E19: =AUX_MATRIZES!E8 -> 0 | F19: =AUX_MATRIZES!F8 -> 0 | G19: =AUX_MATRIZES!G8 -> 1313.8842 | H19: =AUX_MATRIZES!H8 -> 0 | I19: =AUX_MATRIZES!I8 -> 0 | J19: =AUX_MATRIZES!J8 -> 2987.4674 | ... BP19: =AUX_MATRIZES!BP8 -> 0
B20: RM02 | C20: =AUX_MATRIZES!C9 -> 22570.029 | D20: =AUX_MATRIZES!D9 -> 0 | E20: =AUX_MATRIZES!E9 -> 0 | F20: =AUX_MATRIZES!F9 -> 0 | G20: =AUX_MATRIZES!G9 -> 1344.3558 | H20: =AUX_MATRIZES!H9 -> 0 | I20: =AUX_MATRIZES!I9 -> 0 | J20: =AUX_MATRIZES!J9 -> 2611.1989 | ... BP20: =AUX_MATRIZES!BP9 -> 0
B21: RM03 | C21: =AUX_MATRIZES!C10 -> 0 | D21: =AUX_MATRIZES!D10 -> 0 | E21: =AUX_MATRIZES!E10 -> 0 | F21: =AUX_MATRIZES!F10 -> 0 | G21: =AUX_MATRIZES!G10 -> 2643.2715 | H21: =AUX_MATRIZES!H10 -> 0 | I21: =AUX_MATRIZES!I10 -> 0 | J21: =AUX_MATRIZES!J10 -> 542.0877 | ... BP21: =AUX_MATRIZES!BP10 -> 0
B22: RM04 | C22: =AUX_MATRIZES!C11 -> 45952.144 | D22: =AUX_MATRIZES!D11 -> 48375.015 | E22: =AUX_MATRIZES!E11 -> 48375.015 | F22: =AUX_MATRIZES!F11 -> 48375.015 | G22: =AUX_MATRIZES!G11 -> 39291.703 | H22: =AUX_MATRIZES!H11 -> 27558.101 | I22: =AUX_MATRIZES!I11 -> 27558.101 | J22: =AUX_MATRIZES!J11 -> 34101.103 | ... BP22: =AUX_MATRIZES!BP11 -> 0
B23: RM05 | C23: =AUX_MATRIZES!C12 -> 96601.344 | D23: =AUX_MATRIZES!D12 -> 96643.68 | E23: =AUX_MATRIZES!E12 -> 96643.68 | F23: =AUX_MATRIZES!F12 -> 96643.68 | G23: =AUX_MATRIZES!G12 -> 72879.072 | H23: =AUX_MATRIZES!H12 -> 55055.616 | I23: =AUX_MATRIZES!I12 -> 55055.616 | J23: =AUX_MATRIZES!J12 -> 47449.248 | ... BP23: =AUX_MATRIZES!BP12 -> 0
B24: RM06 | C24: =AUX_MATRIZES!C13 -> 148517.96 | D24: =AUX_MATRIZES!D13 -> 106348.07 | E24: =AUX_MATRIZES!E13 -> 72482.76 | F24: =AUX_MATRIZES!F13 -> 67558.995 | G24: =AUX_MATRIZES!G13 -> 43075.116 | H24: =AUX_MATRIZES!H13 -> 23226.588 | I24: =AUX_MATRIZES!I13 -> 16571.016 | J24: =AUX_MATRIZES!J13 -> 9915.444 | ... BP24: =AUX_MATRIZES!BP13 -> 0
B25: RM07 | C25: =AUX_MATRIZES!C14 -> 172736.16 | D25: =AUX_MATRIZES!D14 -> 152721.74 | E25: =AUX_MATRIZES!E14 -> 101244.38 | F25: =AUX_MATRIZES!F14 -> 58285.332 | G25: =AUX_MATRIZES!G14 -> 26414.866 | H25: =AUX_MATRIZES!H14 -> 0 | I25: =AUX_MATRIZES!I14 -> 0 | J25: =AUX_MATRIZES!J14 -> 0 | ... BP25: =AUX_MATRIZES!BP14 -> 0
B26: RM08 | C26: =AUX_MATRIZES!C15 -> 0 | D26: =AUX_MATRIZES!D15 -> 0 | E26: =AUX_MATRIZES!E15 -> 0 | F26: =AUX_MATRIZES!F15 -> 0 | G26: =AUX_MATRIZES!G15 -> 0 | H26: =AUX_MATRIZES!H15 -> 0 | I26: =AUX_MATRIZES!I15 -> 0 | J26: =AUX_MATRIZES!J15 -> 0 | ... BP26: =AUX_MATRIZES!BP15 -> 0
B29: SALDO da semana = entrada - consumo (m3/semana)
B30: Casa de bomba | C30: =SEMANAS!$B$6 -> 1 | D30: =SEMANAS!$B$7 -> 2 | E30: =SEMANAS!$B$8 -> 3 | F30: =SEMANAS!$B$9 -> 4 | G30: =SEMANAS!$B$10 -> 5 | H30: =SEMANAS!$B$11 -> 6 | I30: =SEMANAS!$B$12 -> 7 | J30: =SEMANAS!$B$13 -> 8 | K30: =SEMANAS!$B$14 -> 9 | L30: =SEMANAS!$B$15 -> 10 | M30: =SEMANAS!$B$16 -> 11 | N30: =SEMANAS!$B$17 -> 12 | O30: =SEMANAS!$B$18 -> 13 | P30: =SEMANAS!$B$19 -> 14 | Q30: =SEMANAS!$B$20 -> 15 | R30: =SEMANAS!$B$21 -> 16 | S30: =SEMANAS!$B$22 -> 17 | T30: =SEMANAS!$B$23 -> 18 | U30: =SEMANAS!$B$24 -> 19 | V30: =SEMANAS!$B$25 -> 20 | W30: =SEMANAS!$B$26 -> 21 | X30: =SEMANAS!$B$27 -> 22 | Y30: =SEMANAS!$B$28 -> 23 | Z30: =SEMANAS!$B$29 -> 24 | AA30: =SEMANAS!$B$30 -> 25 | AB30: =SEMANAS!$B$31 -> 26 | AC30: =SEMANAS!$B$32 -> 27 | AD30: =SEMANAS!$B$33 -> 28 | AE30: =SEMANAS!$B$34 -> 29 | AF30: =SEMANAS!$B$35 -> 30 | AG30: =SEMANAS!$B$36 -> 31 | AH30: =SEMANAS!$B$37 -> 32 | AI30: =SEMANAS!$B$38 -> 33 | AJ30: =SEMANAS!$B$39 -> 34 | AK30: =SEMANAS!$B$40 -> 35 | AL30: =SEMANAS!$B$41 -> 36 | AM30: =SEMANAS!$B$42 -> 37 | AN30: =SEMANAS!$B$43 -> 38 | AO30: =SEMANAS!$B$44 -> 39 | AP30: =SEMANAS!$B$45 -> 40 | AQ30: =SEMANAS!$B$46 -> 41 | AR30: =SEMANAS!$B$47 -> 42 | AS30: =SEMANAS!$B$48 -> 43 | AT30: =SEMANAS!$B$49 -> 44 | AU30: =SEMANAS!$B$50 -> 45 | AV30: =SEMANAS!$B$51 -> 46 | AW30: =SEMANAS!$B$52 -> 47 | AX30: =SEMANAS!$B$53 -> 48 | AY30: =SEMANAS!$B$54 -> 49 | AZ30: =SEMANAS!$B$55 -> 50 | BA30: =SEMANAS!$B$56 -> 51 | BB30: =SEMANAS!$B$57 -> 52 | BC30: =SEMANAS!$B$58 -> 53 | BD30: =SEMANAS!$B$59 -> 54 | BE30: =SEMANAS!$B$60 -> 55 | BF30: =SEMANAS!$B$61 -> 56 | BG30: =SEMANAS!$B$62 -> 57 | BH30: =SEMANAS!$B$63 -> 58 | BI30: =SEMANAS!$B$64 -> 59 | BJ30: =SEMANAS!$B$65 -> 60 | BK30: =SEMANAS!$B$66 -> 61 | BL30: =SEMANAS!$B$67 -> 62 | BM30: =SEMANAS!$B$68 -> 63 | BN30: =SEMANAS!$B$69 -> 64 | BO30: =SEMANAS!$B$70 -> 65 | BP30: =SEMANAS!$B$71 -> 66
B31: RM01 | C31: =CADASTRO_CASAS_BOMBA!$J$6*DIAS_POR_SEMANA-AUX_MATRIZES!C8 -> 73500 | D31: =CADASTRO_CASAS_BOMBA!$J$6*DIAS_POR_SEMANA-AUX_MATRIZES!D8 -> 73500 | E31: =CADASTRO_CASAS_BOMBA!$J$6*DIAS_POR_SEMANA-AUX_MATRIZES!E8 -> 73500 | F31: =CADASTRO_CASAS_BOMBA!$J$6*DIAS_POR_SEMANA-AUX_MATRIZES!F8 -> 73500 | G31: =CADASTRO_CASAS_BOMBA!$J$6*DIAS_POR_SEMANA-AUX_MATRIZES!G8 -> 72186.116 | H31: =CADASTRO_CASAS_BOMBA!$J$6*DIAS_POR_SEMANA-AUX_MATRIZES!H8 -> 73500 | I31: =CADASTRO_CASAS_BOMBA!$J$6*DIAS_POR_SEMANA-AUX_MATRIZES!I8 -> 73500 | J31: =CADASTRO_CASAS_BOMBA!$J$6*DIAS_POR_SEMANA-AUX_MATRIZES!J8 -> 70512.533 | ... BP31: =CADASTRO_CASAS_BOMBA!$J$6*DIAS_POR_SEMANA-AUX_MATRIZES!BP8 -> 73500
B32: RM02 | C32: =CADASTRO_CASAS_BOMBA!$J$7*DIAS_POR_SEMANA-AUX_MATRIZES!C9 -> 50929.971 | D32: =CADASTRO_CASAS_BOMBA!$J$7*DIAS_POR_SEMANA-AUX_MATRIZES!D9 -> 73500 | E32: =CADASTRO_CASAS_BOMBA!$J$7*DIAS_POR_SEMANA-AUX_MATRIZES!E9 -> 73500 | F32: =CADASTRO_CASAS_BOMBA!$J$7*DIAS_POR_SEMANA-AUX_MATRIZES!F9 -> 73500 | G32: =CADASTRO_CASAS_BOMBA!$J$7*DIAS_POR_SEMANA-AUX_MATRIZES!G9 -> 72155.644 | H32: =CADASTRO_CASAS_BOMBA!$J$7*DIAS_POR_SEMANA-AUX_MATRIZES!H9 -> 73500 | I32: =CADASTRO_CASAS_BOMBA!$J$7*DIAS_POR_SEMANA-AUX_MATRIZES!I9 -> 73500 | J32: =CADASTRO_CASAS_BOMBA!$J$7*DIAS_POR_SEMANA-AUX_MATRIZES!J9 -> 70888.801 | ... BP32: =CADASTRO_CASAS_BOMBA!$J$7*DIAS_POR_SEMANA-AUX_MATRIZES!BP9 -> 73500
B33: RM03 | C33: =CADASTRO_CASAS_BOMBA!$J$8*DIAS_POR_SEMANA-AUX_MATRIZES!C10 -> 73500 | D33: =CADASTRO_CASAS_BOMBA!$J$8*DIAS_POR_SEMANA-AUX_MATRIZES!D10 -> 73500 | E33: =CADASTRO_CASAS_BOMBA!$J$8*DIAS_POR_SEMANA-AUX_MATRIZES!E10 -> 73500 | F33: =CADASTRO_CASAS_BOMBA!$J$8*DIAS_POR_SEMANA-AUX_MATRIZES!F10 -> 73500 | G33: =CADASTRO_CASAS_BOMBA!$J$8*DIAS_POR_SEMANA-AUX_MATRIZES!G10 -> 70856.728 | H33: =CADASTRO_CASAS_BOMBA!$J$8*DIAS_POR_SEMANA-AUX_MATRIZES!H10 -> 73500 | I33: =CADASTRO_CASAS_BOMBA!$J$8*DIAS_POR_SEMANA-AUX_MATRIZES!I10 -> 73500 | J33: =CADASTRO_CASAS_BOMBA!$J$8*DIAS_POR_SEMANA-AUX_MATRIZES!J10 -> 72957.912 | ... BP33: =CADASTRO_CASAS_BOMBA!$J$8*DIAS_POR_SEMANA-AUX_MATRIZES!BP10 -> 73500
B34: RM04 | C34: =CADASTRO_CASAS_BOMBA!$J$9*DIAS_POR_SEMANA-AUX_MATRIZES!C11 -> 105457.86 | D34: =CADASTRO_CASAS_BOMBA!$J$9*DIAS_POR_SEMANA-AUX_MATRIZES!D11 -> 103034.98 | E34: =CADASTRO_CASAS_BOMBA!$J$9*DIAS_POR_SEMANA-AUX_MATRIZES!E11 -> 103034.98 | F34: =CADASTRO_CASAS_BOMBA!$J$9*DIAS_POR_SEMANA-AUX_MATRIZES!F11 -> 103034.98 | G34: =CADASTRO_CASAS_BOMBA!$J$9*DIAS_POR_SEMANA-AUX_MATRIZES!G11 -> 112118.3 | H34: =CADASTRO_CASAS_BOMBA!$J$9*DIAS_POR_SEMANA-AUX_MATRIZES!H11 -> 123851.9 | I34: =CADASTRO_CASAS_BOMBA!$J$9*DIAS_POR_SEMANA-AUX_MATRIZES!I11 -> 123851.9 | J34: =CADASTRO_CASAS_BOMBA!$J$9*DIAS_POR_SEMANA-AUX_MATRIZES!J11 -> 117308.9 | ... BP34: =CADASTRO_CASAS_BOMBA!$J$9*DIAS_POR_SEMANA-AUX_MATRIZES!BP11 -> 151410
B35: RM05 | C35: =CADASTRO_CASAS_BOMBA!$J$10*DIAS_POR_SEMANA-AUX_MATRIZES!C12 -> -5020.344 | D35: =CADASTRO_CASAS_BOMBA!$J$10*DIAS_POR_SEMANA-AUX_MATRIZES!D12 -> -5062.68 | E35: =CADASTRO_CASAS_BOMBA!$J$10*DIAS_POR_SEMANA-AUX_MATRIZES!E12 -> -5062.68 | F35: =CADASTRO_CASAS_BOMBA!$J$10*DIAS_POR_SEMANA-AUX_MATRIZES!F12 -> -5062.68 | G35: =CADASTRO_CASAS_BOMBA!$J$10*DIAS_POR_SEMANA-AUX_MATRIZES!G12 -> 18701.928 | H35: =CADASTRO_CASAS_BOMBA!$J$10*DIAS_POR_SEMANA-AUX_MATRIZES!H12 -> 36525.384 | I35: =CADASTRO_CASAS_BOMBA!$J$10*DIAS_POR_SEMANA-AUX_MATRIZES!I12 -> 36525.384 | J35: =CADASTRO_CASAS_BOMBA!$J$10*DIAS_POR_SEMANA-AUX_MATRIZES!J12 -> 44131.752 | ... BP35: =CADASTRO_CASAS_BOMBA!$J$10*DIAS_POR_SEMANA-AUX_MATRIZES!BP12 -> 91581
B36: RM06 | C36: =CADASTRO_CASAS_BOMBA!$J$11*DIAS_POR_SEMANA-AUX_MATRIZES!C13 -> 1422.0354 | D36: =CADASTRO_CASAS_BOMBA!$J$11*DIAS_POR_SEMANA-AUX_MATRIZES!D13 -> 43591.929 | E36: =CADASTRO_CASAS_BOMBA!$J$11*DIAS_POR_SEMANA-AUX_MATRIZES!E13 -> 77457.24 | F36: =CADASTRO_CASAS_BOMBA!$J$11*DIAS_POR_SEMANA-AUX_MATRIZES!F13 -> 82381.005 | G36: =CADASTRO_CASAS_BOMBA!$J$11*DIAS_POR_SEMANA-AUX_MATRIZES!G13 -> 106864.88 | H36: =CADASTRO_CASAS_BOMBA!$J$11*DIAS_POR_SEMANA-AUX_MATRIZES!H13 -> 126713.41 | I36: =CADASTRO_CASAS_BOMBA!$J$11*DIAS_POR_SEMANA-AUX_MATRIZES!I13 -> 133368.98 | J36: =CADASTRO_CASAS_BOMBA!$J$11*DIAS_POR_SEMANA-AUX_MATRIZES!J13 -> 140024.56 | ... BP36: =CADASTRO_CASAS_BOMBA!$J$11*DIAS_POR_SEMANA-AUX_MATRIZES!BP13 -> 149940
B37: RM07 | C37: =CADASTRO_CASAS_BOMBA!$J$12*DIAS_POR_SEMANA-AUX_MATRIZES!C14 -> 4923.8417 | D37: =CADASTRO_CASAS_BOMBA!$J$12*DIAS_POR_SEMANA-AUX_MATRIZES!D14 -> 24938.257 | E37: =CADASTRO_CASAS_BOMBA!$J$12*DIAS_POR_SEMANA-AUX_MATRIZES!E14 -> 76415.617 | F37: =CADASTRO_CASAS_BOMBA!$J$12*DIAS_POR_SEMANA-AUX_MATRIZES!F14 -> 119374.67 | G37: =CADASTRO_CASAS_BOMBA!$J$12*DIAS_POR_SEMANA-AUX_MATRIZES!G14 -> 151245.13 | H37: =CADASTRO_CASAS_BOMBA!$J$12*DIAS_POR_SEMANA-AUX_MATRIZES!H14 -> 177660 | I37: =CADASTRO_CASAS_BOMBA!$J$12*DIAS_POR_SEMANA-AUX_MATRIZES!I14 -> 177660 | J37: =CADASTRO_CASAS_BOMBA!$J$12*DIAS_POR_SEMANA-AUX_MATRIZES!J14 -> 177660 | ... BP37: =CADASTRO_CASAS_BOMBA!$J$12*DIAS_POR_SEMANA-AUX_MATRIZES!BP14 -> 177660
B38: RM08 | C38: =CADASTRO_CASAS_BOMBA!$J$13*DIAS_POR_SEMANA-AUX_MATRIZES!C15 -> 0 | D38: =CADASTRO_CASAS_BOMBA!$J$13*DIAS_POR_SEMANA-AUX_MATRIZES!D15 -> 0 | E38: =CADASTRO_CASAS_BOMBA!$J$13*DIAS_POR_SEMANA-AUX_MATRIZES!E15 -> 0 | F38: =CADASTRO_CASAS_BOMBA!$J$13*DIAS_POR_SEMANA-AUX_MATRIZES!F15 -> 0 | G38: =CADASTRO_CASAS_BOMBA!$J$13*DIAS_POR_SEMANA-AUX_MATRIZES!G15 -> 0 | H38: =CADASTRO_CASAS_BOMBA!$J$13*DIAS_POR_SEMANA-AUX_MATRIZES!H15 -> 0 | I38: =CADASTRO_CASAS_BOMBA!$J$13*DIAS_POR_SEMANA-AUX_MATRIZES!I15 -> 0 | J38: =CADASTRO_CASAS_BOMBA!$J$13*DIAS_POR_SEMANA-AUX_MATRIZES!J15 -> 0 | ... BP38: =CADASTRO_CASAS_BOMBA!$J$13*DIAS_POR_SEMANA-AUX_MATRIZES!BP15 -> 0
B41: NIVEL DO RESERVATORIO ao fim da semana (m3) - comeca cheio
B42: Casa de bomba | C42: =SEMANAS!$B$6 -> 1 | D42: =SEMANAS!$B$7 -> 2 | E42: =SEMANAS!$B$8 -> 3 | F42: =SEMANAS!$B$9 -> 4 | G42: =SEMANAS!$B$10 -> 5 | H42: =SEMANAS!$B$11 -> 6 | I42: =SEMANAS!$B$12 -> 7 | J42: =SEMANAS!$B$13 -> 8 | K42: =SEMANAS!$B$14 -> 9 | L42: =SEMANAS!$B$15 -> 10 | M42: =SEMANAS!$B$16 -> 11 | N42: =SEMANAS!$B$17 -> 12 | O42: =SEMANAS!$B$18 -> 13 | P42: =SEMANAS!$B$19 -> 14 | Q42: =SEMANAS!$B$20 -> 15 | R42: =SEMANAS!$B$21 -> 16 | S42: =SEMANAS!$B$22 -> 17 | T42: =SEMANAS!$B$23 -> 18 | U42: =SEMANAS!$B$24 -> 19 | V42: =SEMANAS!$B$25 -> 20 | W42: =SEMANAS!$B$26 -> 21 | X42: =SEMANAS!$B$27 -> 22 | Y42: =SEMANAS!$B$28 -> 23 | Z42: =SEMANAS!$B$29 -> 24 | AA42: =SEMANAS!$B$30 -> 25 | AB42: =SEMANAS!$B$31 -> 26 | AC42: =SEMANAS!$B$32 -> 27 | AD42: =SEMANAS!$B$33 -> 28 | AE42: =SEMANAS!$B$34 -> 29 | AF42: =SEMANAS!$B$35 -> 30 | AG42: =SEMANAS!$B$36 -> 31 | AH42: =SEMANAS!$B$37 -> 32 | AI42: =SEMANAS!$B$38 -> 33 | AJ42: =SEMANAS!$B$39 -> 34 | AK42: =SEMANAS!$B$40 -> 35 | AL42: =SEMANAS!$B$41 -> 36 | AM42: =SEMANAS!$B$42 -> 37 | AN42: =SEMANAS!$B$43 -> 38 | AO42: =SEMANAS!$B$44 -> 39 | AP42: =SEMANAS!$B$45 -> 40 | AQ42: =SEMANAS!$B$46 -> 41 | AR42: =SEMANAS!$B$47 -> 42 | AS42: =SEMANAS!$B$48 -> 43 | AT42: =SEMANAS!$B$49 -> 44 | AU42: =SEMANAS!$B$50 -> 45 | AV42: =SEMANAS!$B$51 -> 46 | AW42: =SEMANAS!$B$52 -> 47 | AX42: =SEMANAS!$B$53 -> 48 | AY42: =SEMANAS!$B$54 -> 49 | AZ42: =SEMANAS!$B$55 -> 50 | BA42: =SEMANAS!$B$56 -> 51 | BB42: =SEMANAS!$B$57 -> 52 | BC42: =SEMANAS!$B$58 -> 53 | BD42: =SEMANAS!$B$59 -> 54 | BE42: =SEMANAS!$B$60 -> 55 | BF42: =SEMANAS!$B$61 -> 56 | BG42: =SEMANAS!$B$62 -> 57 | BH42: =SEMANAS!$B$63 -> 58 | BI42: =SEMANAS!$B$64 -> 59 | BJ42: =SEMANAS!$B$65 -> 60 | BK42: =SEMANAS!$B$66 -> 61 | BL42: =SEMANAS!$B$67 -> 62 | BM42: =SEMANAS!$B$68 -> 63 | BN42: =SEMANAS!$B$69 -> 64 | BO42: =SEMANAS!$B$70 -> 65 | BP42: =SEMANAS!$B$71 -> 66
B43: RM01 | C43: =MIN(CADASTRO_CASAS_BOMBA!$O$6,MAX(0,CADASTRO_CASAS_BOMBA!$O$6+C31)) -> 2600 | D43: =MIN(CADASTRO_CASAS_BOMBA!$O$6,MAX(0,C43+D31)) -> 2600 | E43: =MIN(CADASTRO_CASAS_BOMBA!$O$6,MAX(0,D43+E31)) -> 2600 | F43: =MIN(CADASTRO_CASAS_BOMBA!$O$6,MAX(0,E43+F31)) -> 2600 | G43: =MIN(CADASTRO_CASAS_BOMBA!$O$6,MAX(0,F43+G31)) -> 2600 | H43: =MIN(CADASTRO_CASAS_BOMBA!$O$6,MAX(0,G43+H31)) -> 2600 | I43: =MIN(CADASTRO_CASAS_BOMBA!$O$6,MAX(0,H43+I31)) -> 2600 | J43: =MIN(CADASTRO_CASAS_BOMBA!$O$6,MAX(0,I43+J31)) -> 2600 | K43: =MIN(CADASTRO_CASAS_BOMBA!$O$6,MAX(0,J43+K31)) -> 2600 | ... BP43: =MIN(CADASTRO_CASAS_BOMBA!$O$6,MAX(0,BO43+BP31)) -> 2600
B44: RM02 | C44: =MIN(CADASTRO_CASAS_BOMBA!$O$7,MAX(0,CADASTRO_CASAS_BOMBA!$O$7+C32)) -> 76648 | D44: =MIN(CADASTRO_CASAS_BOMBA!$O$7,MAX(0,C44+D32)) -> 76648 | E44: =MIN(CADASTRO_CASAS_BOMBA!$O$7,MAX(0,D44+E32)) -> 76648 | F44: =MIN(CADASTRO_CASAS_BOMBA!$O$7,MAX(0,E44+F32)) -> 76648 | G44: =MIN(CADASTRO_CASAS_BOMBA!$O$7,MAX(0,F44+G32)) -> 76648 | H44: =MIN(CADASTRO_CASAS_BOMBA!$O$7,MAX(0,G44+H32)) -> 76648 | I44: =MIN(CADASTRO_CASAS_BOMBA!$O$7,MAX(0,H44+I32)) -> 76648 | J44: =MIN(CADASTRO_CASAS_BOMBA!$O$7,MAX(0,I44+J32)) -> 76648 | K44: =MIN(CADASTRO_CASAS_BOMBA!$O$7,MAX(0,J44+K32)) -> 76648 | ... BP44: =MIN(CADASTRO_CASAS_BOMBA!$O$7,MAX(0,BO44+BP32)) -> 76648
